tau_b,dataloss,S,O,J
1,0.00910389,0.684922,10.2511,10.936
2.82051,0.0256776,0.701496,4.05475,4.75624
4.64103,0.0422514,0.71807,2.71962,3.43769
6.46154,0.0588251,0.734644,2.13682,2.87147
8.28205,0.0753989,0.751217,1.81024,2.56146
10.1026,0.0919726,0.767791,1.60136,2.36915
11.9231,0.108546,0.784365,1.45627,2.24064
13.7436,0.12512,0.800939,1.34962,2.15056
15.5641,0.141694,0.817512,1.26791,2.08543
17.3846,0.158268,0.834086,1.20332,2.03741
19.2051,0.174841,0.85066,1.15098,2.00164
21.0256,0.191415,0.867233,1.10769,1.97493
22.8462,0.207989,0.883807,1.07131,1.95512
24.6667,0.224563,0.900381,1.0403,1.94068
26.4872,0.241136,0.916955,1.01355,1.9305
28.3077,0.25771,0.933528,0.99024,1.92377
30.1282,0.274284,0.950102,0.969748,1.91985
31.9487,0.290858,0.966676,0.951591,1.91827
33.7692,0.307431,0.98325,0.935392,1.91864
35.5897,0.324005,0.999823,0.92085,1.92067
37.4103,0.340579,1.0164,0.907724,1.92412
39.2308,0.357152,1.03297,0.895815,1.92879
41.0513,0.373726,1.04954,0.884963,1.93451
42.8718,0.3903,1.06612,0.875033,1.94115
44.6923,0.406874,1.08269,0.865912,1.9486
46.5128,0.423447,1.09927,0.857504,1.95677
48.3333,0.440021,1.11584,0.84973,1.96557
50.1538,0.456595,1.13241,0.842521,1.97493
51.9744,0.473169,1.14899,0.835816,1.9848
53.7949,0.489742,1.16556,0.829565,1.99513
55.6154,0.506316,1.18213,0.823724,2.00586
57.4359,0.52289,1.19871,0.818252,2.01696
59.2564,0.539464,1.21528,0.813117,2.0284
61.0769,0.556037,1.23186,0.808288,2.04014
62.8974,0.572611,1.24843,0.803739,2.05217
64.7179,0.589185,1.265,0.799446,2.06445
66.5385,0.605759,1.28158,0.795387,2.07696
68.359,0.622332,1.29815,0.791545,2.0897
70.1795,0.638906,1.31472,0.787902,2.10263
72,0.65548,1.3313,0.784443,2.11574
