t,breach,denial,dataloss,response,total
0,0,0,0,0,0
0.05,8.04779e-06,2.00036e-09,1.06756e-10,1.0079e-06,9.0578e-06
0.1,6.21926e-05,6.13909e-08,6.23271e-09,7.81328e-06,7.00735e-05
0.15,0.000202812,4.46662e-07,6.48493e-08,2.55857e-05,0.000228909
0.2,0.000464617,1.80188e-06,3.33259e-07,5.89116e-05,0.000525664
0.25,0.000877223,5.26043e-06,1.16422e-06,0.000111882,0.000995529
0.3,0.00146566,1.25144e-05,3.18752e-06,0.000188156,0.00166952
0.35,0.00225083,2.58463e-05,7.37875e-06,0.000291017,0.00257507
0.4,0.00324991,4.81311e-05,1.51108e-05,0.000423406,0.00373656
0.45,0.00447675,8.28123e-05,2.81869e-05,0.000587955,0.00517571
0.5,0.00594217,0.000133861,4.88551e-05,0.000787012,0.0069119
0.55,0.00765427,0.00020572,7.98074e-05,0.00102266,0.00896246
0.6,0.00961873,0.000303239,0.000124164,0.00129674,0.0113429
0.65,0.011839,0.000431602,0.000185446,0.00161084,0.0140669
0.7,0.0143166,0.000596255,0.000267541,0.00196635,0.0171467
0.75,0.0170512,0.000802829,0.000374657,0.00236444,0.0205931
0.8,0.020041,0.00105707,0.000511277,0.00280606,0.0244154
0.85,0.0232827,0.00136475,0.000682104,0.003292,0.0286215
0.9,0.0267718,0.00173163,0.000892013,0.00382284,0.0332183
0.95,0.0305026,0.00216337,0.00114599,0.00439898,0.038211
1,0.0344686,0.00266548,0.00144909,0.00502068,0.0436039
1.05,0.0386624,0.00324326,0.00180637,0.005688,0.0494
1.1,0.0430757,0.00390177,0.00222285,0.00640089,0.0556012
1.15,0.0476997,0.00464575,0.00270346,0.00715911,0.062208
1.2,0.0525252,0.00547965,0.003253,0.0079623,0.0692201
1.25,0.0575423,0.00640753,0.0038761,0.00880998,0.0766359
1.3,0.0627409,0.00743307,0.00457717,0.00970153,0.0844527
1.35,0.0681107,0.00855956,0.00536038,0.0106362,0.0926669
1.4,0.0736412,0.00978983,0.00622963,0.0116132,0.101274
1.45,0.0793215,0.0111263,0.00718851,0.0126315,0.110268
1.5,0.085141,0.0125711,0.00824028,0.0136902,0.119643
1.55,0.0910888,0.0141256,0.0093879,0.014788,0.12939
1.6,0.0971543,0.0157909,0.0106339,0.0159239,0.139503
1.65,0.103327,0.0175679,0.0119805,0.0170964,0.149972
1.7,0.109596,0.0194567,0.0134296,0.0183043,0.160786
1.75,0.115951,0.0214573,0.0149826,0.0195462,0.171937
1.8,0.122381,0.023569,0.0166405,0.0208207,0.183412
1.85,0.128878,0.025791,0.0184041,0.0221261,0.1952
1.9,0.135432,0.028122,0.0202736,0.0234611,0.207288
1.95,0.142032,0.0305603,0.0222491,0.0248241,0.219665
2,0.14867,0.0331041,0.0243301,0.0262134,0.232318
2.05,0.155337,0.0357511,0.0265159,0.0276274,0.245232
2.1,0.162025,0.0384986,0.0288053,0.0290646,0.258394
2.15,0.168726,0.0413441,0.031197,0.0305234,0.27179
2.2,0.175431,0.0442843,0.0336892,0.032002,0.285406
2.25,0.182133,0.0473162,0.0362801,0.033499,0.299229
2.3,0.188826,0.0504362,0.0389671,0.0350126,0.313242
2.35,0.195503,0.0536407,0.041748,0.0365412,0.327433
2.4,0.202157,0.0569261,0.0446199,0.0380834,0.341786
2.45,0.208782,0.0602884,0.0475799,0.0396375,0.356287
2.5,0.215372,0.0637236,0.0506247,0.0412019,0.370922
2.55,0.221923,0.0672276,0.0537512,0.0427752,0.385677
2.6,0.228429,0.0707964,0.0569558,0.0443559,0.400537
2.65,0.234886,0.0744258,0.0602349,0.0459425,0.415489
2.7,0.241289,0.0781114,0.0635848,0.0475336,0.430519
2.75,0.247635,0.0818491,0.0670016,0.0491279,0.445613
2.8,0.253919,0.0856347,0.0704816,0.0507239,0.460759
2.85,0.260138,0.0894639,0.0740207,0.0523204,0.475943
2.9,0.26629,0.0933325,0.0776149,0.0539161,0.491153
2.95,0.272371,0.0972364,0.0812602,0.0555099,0.506377
3,0.278378,0.101171,0.0849526,0.0571005,0.521603
3.05,0.28431,0.105134,0.0886881,0.0586868,0.536819
3.1,0.290165,0.109119,0.0924626,0.0602678,0.552014
3.15,0.29594,0.113123,0.0962721,0.0618423,0.567178
3.2,0.301633,0.117144,0.100113,0.0634095,0.582299
3.25,0.307245,0.121175,0.103981,0.0649684,0.597369
3.3,0.312772,0.125215,0.107872,0.066518,0.612377
3.35,0.318215,0.12926,0.111782,0.0680575,0.627315
3.4,0.323572,0.133306,0.115709,0.0695862,0.642173
3.45,0.328843,0.13735,0.119648,0.0711033,0.656944
3.5,0.334027,0.141388,0.123596,0.072608,0.671619
3.55,0.339123,0.145419,0.127549,0.0740996,0.686191
3.6,0.344133,0.149438,0.131504,0.0755777,0.700653
3.65,0.349055,0.153444,0.135458,0.0770414,0.714998
3.7,0.353889,0.157433,0.139408,0.0784905,0.72922
3.75,0.358636,0.161403,0.14335,0.0799242,0.743313
3.8,0.363296,0.165351,0.147282,0.0813422,0.757271
3.85,0.367869,0.169275,0.151202,0.082744,0.77109
3.9,0.372356,0.173174,0.155106,0.0841292,0.784765
3.95,0.376757,0.177044,0.158992,0.0854975,0.798291
4,0.381073,0.180885,0.162857,0.0868486,0.811664
4.05,0.385305,0.184694,0.1667,0.0881821,0.82488
4.1,0.389453,0.188469,0.170518,0.0894979,0.837937
4.15,0.393517,0.192209,0.174309,0.0907956,0.850831
4.2,0.3975,0.195912,0.178071,0.0920752,0.863559
4.25,0.401402,0.199578,0.181802,0.0933364,0.876118
4.3,0.405223,0.203204,0.185502,0.094579,0.888508
4.35,0.408965,0.206791,0.189167,0.0958031,0.900725
4.4,0.412628,0.210335,0.192797,0.0970084,0.912769
4.45,0.416215,0.213838,0.19639,0.098195,0.924637
4.5,0.419725,0.217297,0.199945,0.0993627,0.936329
4.55,0.42316,0.220711,0.20346,0.100512,0.947844
4.6,0.426522,0.224082,0.206936,0.101642,0.959181
4.65,0.42981,0.227406,0.21037,0.102753,0.970339
4.7,0.433027,0.230685,0.213762,0.103845,0.981319
4.75,0.436173,0.233918,0.217111,0.104919,0.992121
4.8,0.43925,0.237104,0.220416,0.105974,1.00274
4.85,0.442259,0.240242,0.223677,0.107011,1.01319
4.9,0.445201,0.243333,0.226893,0.108029,1.02346
4.95,0.448078,0.246377,0.230063,0.109029,1.03355
5,0.450889,0.249373,0.233188,0.11001,1.04346
5.05,0.453638,0.252321,0.236267,0.110974,1.0532
5.1,0.456324,0.255221,0.239299,0.111919,1.06276
5.15,0.458949,0.258074,0.242285,0.112847,1.07215
5.2,0.461514,0.260879,0.245224,0.113757,1.08137
5.25,0.46402,0.263636,0.248116,0.114649,1.09042
5.3,0.466469,0.266345,0.250961,0.115525,1.0993
5.35,0.468861,0.269008,0.253759,0.116383,1.10801
5.4,0.471198,0.271623,0.25651,0.117224,1.11656
5.45,0.473481,0.274192,0.259215,0.118049,1.12494
5.5,0.475711,0.276714,0.261873,0.118857,1.13316
5.55,0.477889,0.27919,0.264485,0.119649,1.14121
5.6,0.480015,0.281621,0.26705,0.120425,1.14911
5.65,0.482093,0.284005,0.26957,0.121185,1.15685
5.7,0.484121,0.286345,0.272044,0.121929,1.16444
5.75,0.486101,0.288641,0.274472,0.122658,1.17187
5.8,0.488035,0.290892,0.276856,0.123372,1.17916
5.85,0.489923,0.2931,0.279195,0.124071,1.18629
5.9,0.491767,0.295265,0.281489,0.124756,1.19328
5.95,0.493567,0.297387,0.28374,0.125426,1.20012
6,0.495323,0.299466,0.285948,0.126081,1.20682
6.05,0.497039,0.301505,0.288113,0.126723,1.21338
6.1,0.498713,0.303502,0.290235,0.127351,1.2198
6.15,0.500347,0.305459,0.292316,0.127965,1.22609
6.2,0.501942,0.307376,0.294355,0.128566,1.23224
6.25,0.503499,0.309253,0.296353,0.129154,1.23826
6.3,0.505019,0.311092,0.298311,0.129729,1.24415
6.35,0.506502,0.312892,0.300229,0.130292,1.24991
6.4,0.507949,0.314655,0.302108,0.130842,1.25555
6.45,0.509362,0.316381,0.303948,0.13138,1.26107
6.5,0.510741,0.31807,0.30575,0.131906,1.26647
6.55,0.512086,0.319724,0.307514,0.13242,1.27174
6.6,0.513399,0.321342,0.309241,0.132923,1.27691
6.65,0.51468,0.322926,0.310932,0.133414,1.28195
6.7,0.51593,0.324475,0.312588,0.133895,1.28689
6.75,0.51715,0.325991,0.314207,0.134365,1.29171
6.8,0.51834,0.327474,0.315793,0.134824,1.29643
6.85,0.519502,0.328925,0.317344,0.135273,1.30104
6.9,0.520635,0.330344,0.318861,0.135711,1.30555
6.95,0.521741,0.331731,0.320346,0.13614,1.30996
7,0.52282,0.333089,0.321798,0.136558,1.31426
7.05,0.523872,0.334416,0.323219,0.136967,1.31847
7.1,0.524899,0.335713,0.324608,0.137367,1.32259
7.15,0.525901,0.336982,0.325967,0.137758,1.32661
7.2,0.526879,0.338222,0.327296,0.138139,1.33054
7.25,0.527832,0.339435,0.328595,0.138512,1.33437
7.3,0.528763,0.34062,0.329865,0.138876,1.33812
7.35,0.52967,0.341778,0.331106,0.139232,1.34179
7.4,0.530556,0.342911,0.33232,0.139579,1.34537
7.45,0.53142,0.344017,0.333507,0.139918,1.34886
7.5,0.532263,0.345099,0.334667,0.14025,1.35228
7.55,0.533085,0.346155,0.3358,0.140573,1.35561
7.6,0.533887,0.347188,0.336908,0.140889,1.35887
7.65,0.534669,0.348197,0.337991,0.141198,1.36205
7.7,0.535433,0.349182,0.339048,0.141499,1.36516
7.75,0.536177,0.350146,0.340082,0.141794,1.3682
7.8,0.536904,0.351086,0.341092,0.142081,1.37116
7.85,0.537612,0.352005,0.342079,0.142362,1.37406
7.9,0.538303,0.352903,0.343043,0.142635,1.37688
7.95,0.538977,0.35378,0.343985,0.142903,1.37965
8,0.539635,0.354637,0.344905,0.143164,1.38234
8.05,0.540277,0.355473,0.345803,0.143419,1.38497
8.1,0.540902,0.356291,0.346681,0.143668,1.38754
8.15,0.541513,0.357089,0.347538,0.143911,1.39005
8.2,0.542108,0.357868,0.348376,0.144148,1.3925
8.25,0.542689,0.358629,0.349194,0.144379,1.39489
8.3,0.543256,0.359372,0.349992,0.144605,1.39723
8.35,0.543808,0.360098,0.350772,0.144826,1.3995
8.4,0.544347,0.360806,0.351534,0.145041,1.40173
8.45,0.544873,0.361498,0.352277,0.145252,1.4039
8.5,0.545386,0.362174,0.353004,0.145457,1.40602
8.55,0.545886,0.362833,0.353713,0.145657,1.40809
8.6,0.546374,0.363477,0.354405,0.145852,1.41011
8.65,0.54685,0.364106,0.355081,0.146043,1.41208
8.7,0.547314,0.36472,0.355741,0.146229,1.414
8.75,0.547767,0.365319,0.356385,0.146411,1.41588
8.8,0.548208,0.365904,0.357014,0.146588,1.41771
8.85,0.548639,0.366475,0.357628,0.146761,1.4195
8.9,0.549059,0.367032,0.358228,0.14693,1.42125
8.95,0.549469,0.367576,0.358813,0.147095,1.42295
9,0.549869,0.368107,0.359384,0.147255,1.42462
9.05,0.550259,0.368626,0.359942,0.147412,1.42624
9.1,0.550639,0.369132,0.360486,0.147565,1.42782
9.15,0.55101,0.369626,0.361017,0.147715,1.42937
9.2,0.551372,0.370108,0.361536,0.147861,1.43088
9.25,0.551724,0.370578,0.362042,0.148003,1.43235
9.3,0.552069,0.371037,0.362536,0.148142,1.43378
9.35,0.552404,0.371485,0.363018,0.148277,1.43518
9.4,0.552732,0.371923,0.363488,0.148409,1.43655
9.45,0.553051,0.372349,0.363947,0.148538,1.43789
9.5,0.553362,0.372766,0.364396,0.148664,1.43919
9.55,0.553666,0.373172,0.364833,0.148787,1.44046
9.6,0.553963,0.373569,0.36526,0.148907,1.4417
9.65,0.554252,0.373956,0.365676,0.149024,1.44291
9.7,0.554533,0.374334,0.366083,0.149138,1.44409
9.75,0.554808,0.374702,0.366479,0.149249,1.44524
9.8,0.555076,0.375062,0.366866,0.149357,1.44636
9.85,0.555338,0.375413,0.367244,0.149463,1.44746
9.9,0.555593,0.375756,0.367612,0.149567,1.44853
9.95,0.555842,0.37609,0.367972,0.149667,1.44957
10,0.556084,0.376416,0.368323,0.149766,1.45059
10.05,0.556321,0.376734,0.368665,0.149862,1.45158
10.1,0.556552,0.377044,0.368999,0.149955,1.45255
10.15,0.556777,0.377347,0.369325,0.150047,1.4535
10.2,0.556997,0.377643,0.369644,0.150136,1.45442
10.25,0.557211,0.377931,0.369954,0.150223,1.45532
10.3,0.55742,0.378213,0.370257,0.150307,1.4562
10.35,0.557623,0.378487,0.370552,0.15039,1.45705
10.4,0.557822,0.378755,0.37084,0.150471,1.45789
10.45,0.558016,0.379016,0.371122,0.150549,1.4587
10.5,0.558205,0.379271,0.371396,0.150626,1.4595
10.55,0.558389,0.37952,0.371664,0.150701,1.46027
10.6,0.558569,0.379763,0.371925,0.150774,1.46103
10.65,0.558744,0.379999,0.37218,0.150845,1.46177
10.7,0.558915,0.38023,0.372428,0.150915,1.46249
10.75,0.559082,0.380456,0.372671,0.150983,1.46319
10.8,0.559245,0.380676,0.372907,0.151049,1.46388
10.85,0.559404,0.38089,0.373138,0.151114,1.46455
10.9,0.559558,0.381099,0.373364,0.151177,1.4652
10.95,0.559709,0.381304,0.373583,0.151238,1.46583
11,0.559857,0.381503,0.373798,0.151298,1.46645
11.05,0.56,0.381697,0.374007,0.151356,1.46706
11.1,0.56014,0.381887,0.374211,0.151413,1.46765
11.15,0.560277,0.382071,0.37441,0.151469,1.46823
11.2,0.56041,0.382252,0.374604,0.151523,1.46879
11.25,0.56054,0.382428,0.374793,0.151576,1.46934
11.3,0.560667,0.382599,0.374978,0.151628,1.46987
11.35,0.56079,0.382767,0.375158,0.151678,1.47039
11.4,0.560911,0.38293,0.375334,0.151727,1.4709
11.45,0.561028,0.38309,0.375505,0.151775,1.4714
11.5,0.561143,0.383245,0.375673,0.151822,1.47188
11.55,0.561255,0.383397,0.375836,0.151868,1.47236
11.6,0.561364,0.383545,0.375995,0.151912,1.47282
11.65,0.56147,0.383689,0.37615,0.151955,1.47327
11.7,0.561574,0.38383,0.376302,0.151998,1.4737
11.75,0.561675,0.383967,0.37645,0.152039,1.47413
11.8,0.561774,0.384101,0.376594,0.152079,1.47455
11.85,0.56187,0.384232,0.376735,0.152119,1.47495
11.9,0.561964,0.384359,0.376872,0.152157,1.47535
11.95,0.562056,0.384483,0.377006,0.152194,1.47574
12,0.562145,0.384605,0.377136,0.152231,1.47612
12.05,0.562232,0.384723,0.377263,0.152266,1.47648
12.1,0.562317,0.384838,0.377388,0.152301,1.47684
12.15,0.5624,0.384951,0.377509,0.152335,1.47719
12.2,0.562481,0.385061,0.377627,0.152368,1.47754
12.25,0.56256,0.385168,0.377742,0.1524,1.47787
12.3,0.562636,0.385272,0.377855,0.152431,1.47819
12.35,0.562711,0.385374,0.377964,0.152462,1.47851
12.4,0.562784,0.385474,0.378071,0.152492,1.47882
12.45,0.562856,0.38557,0.378176,0.152521,1.47912
12.5,0.562925,0.385665,0.378277,0.152549,1.47942
12.55,0.562993,0.385757,0.378377,0.152577,1.4797
12.6,0.563059,0.385847,0.378473,0.152604,1.47998
12.65,0.563124,0.385935,0.378568,0.15263,1.48026
12.7,0.563187,0.386021,0.37866,0.152656,1.48052
12.75,0.563248,0.386104,0.37875,0.152681,1.48078
12.8,0.563308,0.386186,0.378838,0.152706,1.48104
12.85,0.563366,0.386265,0.378923,0.152729,1.48128
12.9,0.563423,0.386343,0.379006,0.152753,1.48153
12.95,0.563479,0.386418,0.379088,0.152775,1.48176
13,0.563533,0.386492,0.379167,0.152798,1.48199
13.05,0.563586,0.386564,0.379245,0.152819,1.48221
13.1,0.563637,0.386634,0.37932,0.15284,1.48243
13.15,0.563688,0.386702,0.379394,0.152861,1.48264
13.2,0.563737,0.386769,0.379465,0.152881,1.48285
13.25,0.563785,0.386834,0.379535,0.1529,1.48305
13.3,0.563831,0.386898,0.379604,0.152919,1.48325
13.35,0.563877,0.38696,0.37967,0.152938,1.48344
13.4,0.563921,0.38702,0.379735,0.152956,1.48363
13.45,0.563964,0.387079,0.379799,0.152974,1.48382
13.5,0.564006,0.387136,0.379861,0.152991,1.48399
13.55,0.564048,0.387192,0.379921,0.153008,1.48417
13.6,0.564088,0.387247,0.37998,0.153024,1.48434
13.65,0.564127,0.3873,0.380037,0.15304,1.4845
13.7,0.564165,0.387352,0.380093,0.153056,1.48467
13.75,0.564202,0.387403,0.380148,0.153071,1.48482
13.8,0.564239,0.387453,0.380201,0.153086,1.48498
13.85,0.564274,0.387501,0.380253,0.1531,1.48513
13.9,0.564309,0.387548,0.380304,0.153115,1.48527
13.95,0.564342,0.387594,0.380353,0.153128,1.48542
14,0.564375,0.387639,0.380401,0.153142,1.48556
14.05,0.564407,0.387682,0.380448,0.153155,1.48569
14.1,0.564438,0.387725,0.380494,0.153168,1.48582
14.15,0.564469,0.387766,0.380539,0.15318,1.48595
14.2,0.564499,0.387807,0.380582,0.153192,1.48608
14.25,0.564528,0.387846,0.380625,0.153204,1.4862
14.3,0.564556,0.387885,0.380666,0.153216,1.48632
14.35,0.564583,0.387923,0.380707,0.153227,1.48644
14.4,0.56461,0.387959,0.380746,0.153238,1.48655
14.45,0.564637,0.387995,0.380785,0.153249,1.48667
14.5,0.564662,0.38803,0.380822,0.153259,1.48677
14.55,0.564687,0.388064,0.380859,0.153269,1.48688
14.6,0.564712,0.388097,0.380895,0.153279,1.48698
14.65,0.564735,0.388129,0.38093,0.153289,1.48708
14.7,0.564758,0.388161,0.380963,0.153299,1.48718
14.75,0.564781,0.388192,0.380997,0.153308,1.48728
14.8,0.564803,0.388222,0.381029,0.153317,1.48737
14.85,0.564824,0.388251,0.38106,0.153326,1.48746
14.9,0.564845,0.38828,0.381091,0.153334,1.48755
14.95,0.564866,0.388308,0.381121,0.153343,1.48764
15,0.564886,0.388335,0.38115,0.153351,1.48772
15.05,0.564905,0.388361,0.381179,0.153359,1.4878
15.1,0.564924,0.388387,0.381207,0.153366,1.48788
15.15,0.564943,0.388412,0.381234,0.153374,1.48796
15.2,0.564961,0.388437,0.38126,0.153381,1.48804
15.25,0.564978,0.388461,0.381286,0.153389,1.48811
15.3,0.564995,0.388484,0.381311,0.153396,1.48819
15.35,0.565012,0.388507,0.381336,0.153402,1.48826
15.4,0.565028,0.388529,0.38136,0.153409,1.48833
15.45,0.565044,0.388551,0.381383,0.153416,1.48839
15.5,0.56506,0.388572,0.381406,0.153422,1.48846
15.55,0.565075,0.388593,0.381428,0.153428,1.48852
15.6,0.56509,0.388613,0.38145,0.153434,1.48859
15.65,0.565104,0.388633,0.381471,0.15344,1.48865
15.7,0.565118,0.388652,0.381492,0.153446,1.48871
15.75,0.565132,0.388671,0.381512,0.153451,1.48877
15.8,0.565145,0.388689,0.381531,0.153457,1.48882
15.85,0.565158,0.388707,0.381551,0.153462,1.48888
15.9,0.565171,0.388724,0.381569,0.153467,1.48893
15.95,0.565183,0.388741,0.381587,0.153473,1.48898
16,0.565196,0.388757,0.381605,0.153477,1.48904
16.05,0.565207,0.388773,0.381623,0.153482,1.48909
16.1,0.565219,0.388789,0.381639,0.153487,1.48913
16.15,0.56523,0.388804,0.381656,0.153492,1.48918
16.2,0.565241,0.388819,0.381672,0.153496,1.48923
16.25,0.565252,0.388834,0.381688,0.1535,1.48927
16.3,0.565262,0.388848,0.381703,0.153505,1.48932
16.35,0.565272,0.388862,0.381718,0.153509,1.48936
16.4,0.565282,0.388875,0.381732,0.153513,1.4894
16.45,0.565292,0.388889,0.381746,0.153517,1.48944
16.5,0.565301,0.388901,0.38176,0.153521,1.48948
16.55,0.56531,0.388914,0.381774,0.153524,1.48952
16.6,0.565319,0.388926,0.381787,0.153528,1.48956
16.65,0.565328,0.388938,0.3818,0.153532,1.4896
16.7,0.565337,0.38895,0.381812,0.153535,1.48963
16.75,0.565345,0.388961,0.381824,0.153539,1.48967
16.8,0.565353,0.388972,0.381836,0.153542,1.4897
16.85,0.565361,0.388983,0.381848,0.153545,1.48974
16.9,0.565369,0.388993,0.381859,0.153548,1.48977
16.95,0.565376,0.389004,0.38187,0.153551,1.4898
17,0.565383,0.389014,0.381881,0.153554,1.48983
17.05,0.565391,0.389024,0.381892,0.153557,1.48986
17.1,0.565398,0.389033,0.381902,0.15356,1.48989
17.15,0.565404,0.389042,0.381912,0.153563,1.48992
17.2,0.565411,0.389051,0.381922,0.153566,1.48995
17.25,0.565417,0.38906,0.381931,0.153568,1.48998
17.3,0.565424,0.389069,0.38194,0.153571,1.49
17.35,0.56543,0.389077,0.381949,0.153573,1.49003
17.4,0.565436,0.389085,0.381958,0.153576,1.49006
17.45,0.565442,0.389093,0.381967,0.153578,1.49008
17.5,0.565447,0.389101,0.381975,0.153581,1.4901
17.55,0.565453,0.389109,0.381983,0.153583,1.49013
17.6,0.565458,0.389116,0.381991,0.153585,1.49015
17.65,0.565464,0.389123,0.381999,0.153587,1.49017
17.7,0.565469,0.38913,0.382007,0.153589,1.4902
17.75,0.565474,0.389137,0.382014,0.153591,1.49022
17.8,0.565479,0.389144,0.382021,0.153593,1.49024
17.85,0.565484,0.389151,0.382028,0.153595,1.49026
17.9,0.565488,0.389157,0.382035,0.153597,1.49028
17.95,0.565493,0.389163,0.382042,0.153599,1.4903
18,0.565497,0.389169,0.382048,0.153601,1.49032
18.05,0.565502,0.389175,0.382055,0.153603,1.49033
18.1,0.565506,0.389181,0.382061,0.153605,1.49035
18.15,0.56551,0.389187,0.382067,0.153606,1.49037
18.2,0.565514,0.389192,0.382073,0.153608,1.49039
18.25,0.565518,0.389197,0.382079,0.15361,1.4904
18.3,0.565522,0.389203,0.382084,0.153611,1.49042
18.35,0.565526,0.389208,0.38209,0.153613,1.49044
18.4,0.565529,0.389213,0.382095,0.153614,1.49045
18.45,0.565533,0.389218,0.3821,0.153616,1.49047
18.5,0.565536,0.389222,0.382106,0.153617,1.49048
18.55,0.56554,0.389227,0.382111,0.153618,1.4905
18.6,0.565543,0.389231,0.382115,0.15362,1.49051
18.65,0.565546,0.389236,0.38212,0.153621,1.49052
18.7,0.565549,0.38924,0.382125,0.153622,1.49054
18.75,0.565552,0.389244,0.382129,0.153624,1.49055
18.8,0.565555,0.389248,0.382134,0.153625,1.49056
18.85,0.565558,0.389252,0.382138,0.153626,1.49057
18.9,0.565561,0.389256,0.382142,0.153627,1.49059
18.95,0.565564,0.38926,0.382146,0.153628,1.4906
19,0.565566,0.389264,0.38215,0.153629,1.49061
19.05,0.565569,0.389267,0.382154,0.15363,1.49062
19.1,0.565572,0.389271,0.382158,0.153631,1.49063
19.15,0.565574,0.389274,0.382161,0.153633,1.49064
19.2,0.565577,0.389277,0.382165,0.153634,1.49065
19.25,0.565579,0.389281,0.382168,0.153634,1.49066
19.3,0.565581,0.389284,0.382172,0.153635,1.49067
19.35,0.565584,0.389287,0.382175,0.153636,1.49068
19.4,0.565586,0.38929,0.382178,0.153637,1.49069
19.45,0.565588,0.389293,0.382182,0.153638,1.4907
19.5,0.56559,0.389296,0.382185,0.153639,1.49071
19.55,0.565592,0.389299,0.382188,0.15364,1.49072
19.6,0.565594,0.389301,0.382191,0.153641,1.49073
19.65,0.565596,0.389304,0.382193,0.153641,1.49073
19.7,0.565598,0.389307,0.382196,0.153642,1.49074
19.75,0.5656,0.389309,0.382199,0.153643,1.49075
19.8,0.565602,0.389312,0.382202,0.153644,1.49076
19.85,0.565603,0.389314,0.382204,0.153644,1.49077
19.9,0.565605,0.389316,0.382207,0.153645,1.49077
19.95,0.565607,0.389319,0.382209,0.153646,1.49078
20,0.565608,0.389321,0.382212,0.153647,1.49079
