sigma_D,breach,denial,dataloss,MTTD,S,O,J
1,0.565673,0.389409,0.517276,3.63662,1.62603,0.59563,2.22166
1.17949,0.524877,0.319565,0.463633,3.55584,1.45877,0.649477,2.10825
1.35897,0.490801,0.268764,0.420275,3.49216,1.32814,0.703323,2.03146
1.53846,0.461711,0.230452,0.384418,3.44046,1.22289,0.757169,1.98006
1.71795,0.436457,0.200722,0.354224,3.39751,1.13604,0.811015,1.94705
1.89744,0.414237,0.177107,0.328421,3.36115,1.06297,0.864861,1.92783
2.07692,0.394474,0.157984,0.306101,3.32991,1.00053,0.918707,1.91923
2.25641,0.376737,0.142242,0.286595,3.30272,0.946459,0.972554,1.91901
2.4359,0.360698,0.1291,0.269396,3.2788,0.899126,1.0264,1.92553
2.61538,0.346101,0.117994,0.254115,3.25756,0.857296,1.08025,1.93754
2.79487,0.332743,0.108507,0.240447,3.23856,0.820025,1.13409,1.95412
2.97436,0.320459,0.100326,0.228148,3.22143,0.786579,1.18794,1.97452
3.15385,0.309115,0.0932101,0.217023,3.2059,0.756378,1.24178,1.99816
3.33333,0.298598,0.0869744,0.206912,3.19175,0.728954,1.29563,2.02458
3.51282,0.288817,0.0814719,0.197682,3.17878,0.703928,1.34948,2.0534
3.69231,0.279691,0.0765861,0.189223,3.16685,0.680988,1.40332,2.08431
3.87179,0.271152,0.0722231,0.181443,3.15583,0.659876,1.45717,2.11704
4.05128,0.263144,0.0683067,0.174264,3.14562,0.640374,1.51102,2.15139
4.23077,0.255615,0.0647742,0.167619,3.13613,0.622299,1.56486,2.18716
4.41026,0.248522,0.0615741,0.161452,3.12727,0.605497,1.61871,2.2242
4.58974,0.241826,0.0586631,0.155713,3.11899,0.589832,1.67255,2.26239
4.76923,0.235493,0.0560051,0.150359,3.11123,0.575191,1.7264,2.30159
4.94872,0.229495,0.0535697,0.145353,3.10393,0.561474,1.78025,2.34172
5.12821,0.223803,0.0513308,0.140662,3.09706,0.548593,1.83409,2.38269
5.30769,0.218394,0.0492664,0.136259,3.09058,0.536473,1.88794,2.42441
5.48718,0.213248,0.0473574,0.132117,3.08445,0.525046,1.94178,2.46683
5.66667,0.208344,0.0455873,0.128215,3.07865,0.514253,1.99563,2.50988
5.84615,0.203666,0.043942,0.124532,3.07315,0.504042,2.04948,2.55352
6.02564,0.199197,0.042409,0.12105,3.06792,0.494366,2.10332,2.59769
6.20513,0.194925,0.0409775,0.117754,3.06295,0.485184,2.15717,2.64235
6.38462,0.190835,0.039638,0.114629,3.05822,0.476457,2.21102,2.68747
6.5641,0.186917,0.038382,0.111663,3.0537,0.468151,2.26486,2.73301
6.74359,0.183159,0.0372021,0.108843,3.04939,0.460238,2.31871,2.77894
6.92308,0.179551,0.0360918,0.10616,3.04527,0.452688,2.37255,2.82524
7.10256,0.176085,0.0350452,0.103603,3.04132,0.445477,2.4264,2.87188
7.28205,0.172753,0.0340571,0.101165,3.03754,0.438582,2.48025,2.91883
7.46154,0.169545,0.0331227,0.0988365,3.03392,0.431983,2.53409,2.96608
7.64103,0.166457,0.0322379,0.096611,3.03044,0.425661,2.58794,3.0136
7.82051,0.16348,0.0313989,0.0944818,3.0271,0.419598,2.64178,3.06138
8,0.160609,0.0306023,0.0924429,3.02388,0.413778,2.69563,3.10941
