t,P_resolved,exp_fit
0,0,0
0.05,8.06313e-06,0.0125976
0.1,6.25025e-05,0.0250364
0.15,0.000204646,0.0373186
0.2,0.000471093,0.049446
0.25,0.000894354,0.0614207
0.3,0.00150334,0.0732445
0.35,0.00232371,0.0849193
0.4,0.00337818,0.0964471
0.45,0.00468673,0.10783
0.5,0.00626678,0.119069
0.55,0.00813341,0.130166
0.6,0.0102994,0.141124
0.65,0.0127755,0.151944
0.7,0.0155703,0.162627
0.75,0.0186907,0.173176
0.8,0.0221417,0.183592
0.85,0.0259267,0.193877
0.9,0.0300475,0.204032
0.95,0.0345043,0.214059
1,0.039296,0.22396
1.05,0.0444202,0.233736
1.1,0.0498734,0.24339
1.15,0.0556508,0.252921
1.2,0.0617466,0.262332
1.25,0.0681542,0.271625
1.3,0.0748659,0.280801
1.35,0.0818735,0.289861
1.4,0.0891678,0.298807
1.45,0.0967392,0.30764
1.5,0.104577,0.316362
1.55,0.112671,0.324975
1.6,0.121011,0.333478
1.65,0.129583,0.341875
1.7,0.138377,0.350166
1.75,0.14738,0.358352
1.8,0.156581,0.366435
1.85,0.165967,0.374416
1.9,0.175525,0.382297
1.95,0.185243,0.390079
2,0.195109,0.397762
2.05,0.20511,0.405349
2.1,0.215234,0.41284
2.15,0.225469,0.420237
2.2,0.235803,0.427541
2.25,0.246224,0.434752
2.3,0.25672,0.441873
2.35,0.267281,0.448904
2.4,0.277895,0.455846
2.45,0.288552,0.462701
2.5,0.29924,0.46947
2.55,0.309951,0.476153
2.6,0.320674,0.482753
2.65,0.331399,0.489269
2.7,0.342118,0.495703
2.75,0.352822,0.502056
2.8,0.363502,0.508328
2.85,0.374151,0.514522
2.9,0.38476,0.520638
2.95,0.395323,0.526677
3,0.405832,0.53264
3.05,0.416282,0.538527
3.1,0.426665,0.544341
3.15,0.436975,0.550081
3.2,0.447208,0.555749
3.25,0.457359,0.561345
3.3,0.467421,0.566871
3.35,0.477391,0.572328
3.4,0.487264,0.577715
3.45,0.497037,0.583035
3.5,0.506706,0.588288
3.55,0.516268,0.593474
3.6,0.525719,0.598596
3.65,0.535057,0.603652
3.7,0.544279,0.608645
3.75,0.553383,0.613575
3.8,0.562368,0.618443
3.85,0.571231,0.62325
3.9,0.57997,0.627996
3.95,0.588585,0.632683
4,0.597074,0.63731
4.05,0.605437,0.641879
4.1,0.613672,0.64639
4.15,0.62178,0.650845
4.2,0.629759,0.655243
4.25,0.637609,0.659586
4.3,0.645331,0.663875
4.35,0.652924,0.668109
4.4,0.660389,0.67229
4.45,0.667726,0.676419
4.5,0.674935,0.680495
4.55,0.682017,0.68452
4.6,0.688972,0.688494
4.65,0.695802,0.692418
4.7,0.702507,0.696293
4.75,0.709087,0.700119
4.8,0.715545,0.703897
4.85,0.721881,0.707627
4.9,0.728096,0.71131
4.95,0.734191,0.714947
5,0.740168,0.718538
5.05,0.746028,0.722084
5.1,0.751772,0.725585
5.15,0.757402,0.729042
5.2,0.762919,0.732455
5.25,0.768325,0.735826
5.3,0.77362,0.739154
5.35,0.778807,0.74244
5.4,0.783887,0.745684
5.45,0.788862,0.748888
5.5,0.793732,0.752051
5.55,0.798501,0.755175
5.6,0.803169,0.758259
5.65,0.807738,0.761304
5.7,0.812209,0.764311
5.75,0.816585,0.767281
5.8,0.820866,0.770212
5.85,0.825054,0.773107
5.9,0.829152,0.775965
5.95,0.83316,0.778788
6,0.837081,0.781574
6.05,0.840915,0.784326
6.1,0.844664,0.787043
6.15,0.84833,0.789726
6.2,0.851915,0.792375
6.25,0.85542,0.79499
6.3,0.858846,0.797573
6.35,0.862195,0.800123
6.4,0.865469,0.802641
6.45,0.868668,0.805127
6.5,0.871795,0.807582
6.55,0.874852,0.810006
6.6,0.877838,0.812399
6.65,0.880756,0.814763
6.7,0.883607,0.817096
6.75,0.886393,0.8194
6.8,0.889115,0.821676
6.85,0.891774,0.823922
6.9,0.894371,0.82614
6.95,0.896909,0.82833
7,0.899387,0.830493
7.05,0.901808,0.832628
7.1,0.904172,0.834737
7.15,0.906481,0.836819
7.2,0.908736,0.838874
7.25,0.910939,0.840904
7.3,0.913089,0.842908
7.35,0.915189,0.844887
7.4,0.91724,0.846841
7.45,0.919242,0.848771
7.5,0.921197,0.850676
7.55,0.923106,0.852557
7.6,0.92497,0.854415
7.65,0.926789,0.856249
7.7,0.928565,0.858059
7.75,0.930299,0.859848
7.8,0.931992,0.861613
7.85,0.933645,0.863356
7.9,0.935258,0.865078
7.95,0.936832,0.866778
8,0.938369,0.868456
8.05,0.93987,0.870113
8.1,0.941334,0.871749
8.15,0.942763,0.873365
8.2,0.944158,0.87496
8.25,0.94552,0.876535
8.3,0.946848,0.878091
8.35,0.948145,0.879626
8.4,0.949411,0.881143
8.45,0.950646,0.88264
8.5,0.951851,0.884119
8.55,0.953027,0.885578
8.6,0.954175,0.88702
8.65,0.955295,0.888443
8.7,0.956389,0.889849
8.75,0.957455,0.891236
8.8,0.958496,0.892606
8.85,0.959512,0.893959
8.9,0.960503,0.895295
8.95,0.96147,0.896614
9,0.962413,0.897916
9.05,0.963334,0.899202
9.1,0.964232,0.900472
9.15,0.965109,0.901726
9.2,0.965964,0.902964
9.25,0.966799,0.904187
9.3,0.967613,0.905394
9.35,0.968407,0.906585
9.4,0.969182,0.907762
9.45,0.969938,0.908924
9.5,0.970676,0.910071
9.55,0.971395,0.911204
9.6,0.972098,0.912323
9.65,0.972783,0.913427
9.7,0.973451,0.914518
9.75,0.974103,0.915595
9.8,0.974739,0.916658
9.85,0.97536,0.917708
9.9,0.975965,0.918745
9.95,0.976556,0.919768
10,0.977132,0.920779
10.05,0.977694,0.921777
10.1,0.978242,0.922763
10.15,0.978777,0.923736
10.2,0.979299,0.924696
10.25,0.979808,0.925645
10.3,0.980305,0.926582
10.35,0.980789,0.927507
10.4,0.981262,0.92842
10.45,0.981722,0.929322
10.5,0.982172,0.930212
10.55,0.982611,0.931091
10.6,0.983039,0.931959
10.65,0.983456,0.932816
10.7,0.983863,0.933663
10.75,0.984261,0.934498
10.8,0.984648,0.935323
10.85,0.985026,0.936138
10.9,0.985395,0.936943
10.95,0.985754,0.937737
11,0.986105,0.938521
11.05,0.986447,0.939296
11.1,0.986781,0.940061
11.15,0.987107,0.940816
11.2,0.987424,0.941561
11.25,0.987734,0.942298
11.3,0.988036,0.943024
11.35,0.988331,0.943742
11.4,0.988618,0.944451
11.45,0.988899,0.945151
11.5,0.989172,0.945842
11.55,0.989439,0.946524
11.6,0.989699,0.947198
11.65,0.989953,0.947863
11.7,0.990201,0.94852
11.75,0.990442,0.949168
11.8,0.990678,0.949808
11.85,0.990908,0.950441
11.9,0.991132,0.951065
11.95,0.99135,0.951682
12,0.991564,0.95229
12.05,0.991772,0.952891
12.1,0.991974,0.953485
12.15,0.992172,0.954071
12.2,0.992365,0.954649
12.25,0.992553,0.955221
12.3,0.992737,0.955785
12.35,0.992916,0.956342
12.4,0.993091,0.956892
12.45,0.993261,0.957435
12.5,0.993427,0.957971
12.55,0.99359,0.9585
12.6,0.993748,0.959023
12.65,0.993902,0.959539
12.7,0.994052,0.960049
12.75,0.994199,0.960552
12.8,0.994342,0.961049
12.85,0.994482,0.96154
12.9,0.994618,0.962025
12.95,0.99475,0.962503
13,0.99488,0.962975
13.05,0.995006,0.963442
13.1,0.995129,0.963902
13.15,0.99525,0.964357
13.2,0.995367,0.964806
13.25,0.995481,0.965249
13.3,0.995593,0.965687
13.35,0.995701,0.966119
13.4,0.995807,0.966546
13.45,0.995911,0.966968
13.5,0.996012,0.967384
13.55,0.99611,0.967795
13.6,0.996206,0.9682
13.65,0.9963,0.968601
13.7,0.996391,0.968997
13.75,0.99648,0.969387
13.8,0.996567,0.969773
13.85,0.996652,0.970154
13.9,0.996734,0.97053
13.95,0.996815,0.970901
14,0.996893,0.971267
14.05,0.99697,0.971629
14.1,0.997045,0.971987
14.15,0.997118,0.97234
14.2,0.997189,0.972688
14.25,0.997258,0.973032
14.3,0.997326,0.973372
14.35,0.997392,0.973707
14.4,0.997456,0.974039
14.45,0.997519,0.974366
14.5,0.99758,0.974689
14.55,0.99764,0.975007
14.6,0.997698,0.975322
14.65,0.997755,0.975633
14.7,0.99781,0.97594
14.75,0.997865,0.976243
14.8,0.997917,0.976542
14.85,0.997969,0.976838
14.9,0.998019,0.97713
14.95,0.998068,0.977418
15,0.998115,0.977702
15.05,0.998162,0.977983
15.1,0.998207,0.978261
15.15,0.998251,0.978534
15.2,0.998295,0.978805
15.25,0.998337,0.979072
15.3,0.998378,0.979336
15.35,0.998418,0.979596
15.4,0.998457,0.979853
15.45,0.998495,0.980107
15.5,0.998532,0.980357
15.55,0.998568,0.980605
15.6,0.998604,0.980849
15.65,0.998638,0.98109
15.7,0.998672,0.981329
15.75,0.998705,0.981564
15.8,0.998737,0.981796
15.85,0.998768,0.982025
15.9,0.998798,0.982252
15.95,0.998828,0.982475
16,0.998857,0.982696
16.05,0.998885,0.982914
16.1,0.998912,0.983129
16.15,0.998939,0.983342
16.2,0.998966,0.983552
16.25,0.998991,0.983759
16.3,0.999016,0.983964
16.35,0.99904,0.984166
16.4,0.999064,0.984365
16.45,0.999087,0.984562
16.5,0.99911,0.984756
16.55,0.999132,0.984949
16.6,0.999153,0.985138
16.65,0.999174,0.985325
16.7,0.999194,0.98551
16.75,0.999214,0.985693
16.8,0.999234,0.985873
16.85,0.999253,0.986051
16.9,0.999271,0.986227
16.95,0.999289,0.9864
17,0.999307,0.986572
17.05,0.999324,0.986741
17.1,0.99934,0.986908
17.15,0.999357,0.987073
17.2,0.999373,0.987235
17.25,0.999388,0.987396
17.3,0.999403,0.987555
17.35,0.999418,0.987712
17.4,0.999432,0.987867
17.45,0.999446,0.988019
17.5,0.99946,0.98817
17.55,0.999473,0.988319
17.6,0.999486,0.988467
17.65,0.999499,0.988612
17.7,0.999511,0.988755
17.75,0.999523,0.988897
17.8,0.999535,0.989037
17.85,0.999547,0.989175
17.9,0.999558,0.989311
17.95,0.999569,0.989446
18,0.999579,0.989579
18.05,0.99959,0.98971
18.1,0.9996,0.98984
18.15,0.99961,0.989968
18.2,0.999619,0.990094
18.25,0.999629,0.990219
18.3,0.999638,0.990342
18.35,0.999647,0.990464
18.4,0.999656,0.990584
18.45,0.999664,0.990703
18.5,0.999672,0.99082
18.55,0.99968,0.990935
18.6,0.999688,0.99105
18.65,0.999696,0.991162
18.7,0.999704,0.991274
18.75,0.999711,0.991384
18.8,0.999718,0.991492
18.85,0.999725,0.991599
18.9,0.999732,0.991705
18.95,0.999738,0.99181
19,0.999745,0.991913
19.05,0.999751,0.992015
19.1,0.999757,0.992115
19.15,0.999763,0.992215
19.2,0.999769,0.992313
19.25,0.999775,0.99241
19.3,0.99978,0.992505
19.35,0.999786,0.9926
19.4,0.999791,0.992693
19.45,0.999796,0.992785
19.5,0.999801,0.992876
19.55,0.999806,0.992966
19.6,0.999811,0.993054
19.65,0.999816,0.993142
19.7,0.99982,0.993228
19.75,0.999825,0.993313
19.8,0.999829,0.993398
19.85,0.999833,0.993481
19.9,0.999837,0.993563
19.95,0.999841,0.993644
20,0.999845,0.993724
