t,avail_frac,p_service_denied
0,1,0
0.05,1,8.26152e-06
0.1,0.999999,6.55201e-05
0.15,0.999996,0.000219149
0.2,0.999989,0.000514553
0.25,0.999975,0.00099486
0.3,0.999951,0.00170058
0.35,0.999914,0.00266928
0.4,0.999861,0.00393533
0.45,0.999789,0.00552968
0.5,0.999697,0.00747973
0.55,0.999581,0.00980927
0.6,0.99944,0.0125384
0.65,0.999272,0.0156836
0.7,0.999077,0.0192578
0.75,0.998853,0.0232706
0.8,0.9986,0.0277282
0.85,0.998318,0.0326336
0.9,0.998008,0.037987
0.95,0.99767,0.0437858
1,0.997305,0.0500248
1.05,0.996913,0.0566966
1.1,0.996498,0.0637915
1.15,0.996059,0.071298
1.2,0.995599,0.079203
1.25,0.995119,0.0874916
1.3,0.994623,0.0961479
1.35,0.99411,0.105155
1.4,0.993585,0.114494
1.45,0.993048,0.124148
1.5,0.992503,0.134095
1.55,0.991951,0.144318
1.6,0.991394,0.154795
1.65,0.990836,0.165507
1.7,0.990276,0.176433
1.75,0.989719,0.187554
1.8,0.989165,0.198849
1.85,0.988616,0.210298
1.9,0.988075,0.221883
1.95,0.987543,0.233585
2,0.987021,0.245385
2.05,0.986511,0.257266
2.1,0.986015,0.269209
2.15,0.985533,0.2812
2.2,0.985067,0.293221
2.25,0.984617,0.305258
2.3,0.984186,0.317297
2.35,0.983772,0.329322
2.4,0.983378,0.341321
2.45,0.983003,0.353283
2.5,0.982648,0.365194
2.55,0.982314,0.377044
2.6,0.982001,0.388823
2.65,0.981709,0.400521
2.7,0.981438,0.41213
2.75,0.981188,0.423641
2.8,0.98096,0.435045
2.85,0.980752,0.446338
2.9,0.980565,0.457511
2.95,0.980399,0.468559
3,0.980254,0.479477
3.05,0.980128,0.490259
3.1,0.980022,0.500903
3.15,0.979935,0.511403
3.2,0.979867,0.521756
3.25,0.979818,0.53196
3.3,0.979786,0.542013
3.35,0.979771,0.55191
3.4,0.979773,0.561653
3.45,0.979791,0.571237
3.5,0.979824,0.580664
3.55,0.979873,0.589931
3.6,0.979935,0.599038
3.65,0.980012,0.607985
3.7,0.980101,0.616772
3.75,0.980203,0.625399
3.8,0.980316,0.633867
3.85,0.980441,0.642176
3.9,0.980576,0.650327
3.95,0.980721,0.658321
4,0.980876,0.666159
4.05,0.981039,0.673843
4.1,0.98121,0.681373
4.15,0.98139,0.688751
4.2,0.981576,0.695978
4.25,0.981769,0.703057
4.3,0.981968,0.70999
4.35,0.982172,0.716777
4.4,0.982382,0.723421
4.45,0.982596,0.729924
4.5,0.982814,0.736288
4.55,0.983037,0.742515
4.6,0.983262,0.748607
4.65,0.98349,0.754566
4.7,0.983721,0.760394
4.75,0.983954,0.766093
4.8,0.984189,0.771666
4.85,0.984425,0.777115
4.9,0.984663,0.782442
4.95,0.984901,0.787649
5,0.98514,0.792739
5.05,0.985379,0.797713
5.1,0.985618,0.802574
5.15,0.985857,0.807323
5.2,0.986095,0.811964
5.25,0.986333,0.816498
5.3,0.98657,0.820927
5.35,0.986806,0.825253
5.4,0.98704,0.829479
5.45,0.987273,0.833607
5.5,0.987505,0.837638
5.55,0.987734,0.841575
5.6,0.987962,0.84542
5.65,0.988188,0.849174
5.7,0.988412,0.852839
5.75,0.988633,0.856418
5.8,0.988853,0.859912
5.85,0.98907,0.863324
5.9,0.989284,0.866654
5.95,0.989496,0.869905
6,0.989705,0.873079
6.05,0.989912,0.876176
6.1,0.990115,0.8792
6.15,0.990316,0.882151
6.2,0.990515,0.885032
6.25,0.99071,0.887843
6.3,0.990902,0.890587
6.35,0.991092,0.893265
6.4,0.991279,0.895878
6.45,0.991462,0.898428
6.5,0.991643,0.900917
6.55,0.991821,0.903345
6.6,0.991996,0.905715
6.65,0.992168,0.908027
6.7,0.992337,0.910284
6.75,0.992503,0.912485
6.8,0.992666,0.914633
6.85,0.992827,0.916729
6.9,0.992984,0.918774
6.95,0.993138,0.920769
7,0.99329,0.922716
7.05,0.993439,0.924615
7.1,0.993585,0.926468
7.15,0.993728,0.928276
7.2,0.993869,0.930039
7.25,0.994006,0.93176
7.3,0.994141,0.933439
7.35,0.994274,0.935076
7.4,0.994403,0.936674
7.45,0.994531,0.938232
7.5,0.994655,0.939752
7.55,0.994777,0.941235
7.6,0.994897,0.942682
7.65,0.995014,0.944094
7.7,0.995128,0.94547
7.75,0.995241,0.946813
7.8,0.995351,0.948123
7.85,0.995458,0.949401
7.9,0.995563,0.950648
7.95,0.995666,0.951864
8,0.995767,0.95305
8.05,0.995866,0.954207
8.1,0.995963,0.955335
8.15,0.996057,0.956436
8.2,0.996149,0.95751
8.25,0.99624,0.958558
8.3,0.996328,0.959579
8.35,0.996415,0.960576
8.4,0.996499,0.961548
8.45,0.996582,0.962496
8.5,0.996662,0.963421
8.55,0.996741,0.964323
8.6,0.996819,0.965203
8.65,0.996894,0.966061
8.7,0.996968,0.966898
8.75,0.99704,0.967714
8.8,0.99711,0.968511
8.85,0.997179,0.969287
8.9,0.997247,0.970045
8.95,0.997312,0.970784
9,0.997377,0.971505
9.05,0.997439,0.972208
9.1,0.997501,0.972893
9.15,0.997561,0.973562
9.2,0.997619,0.974215
9.25,0.997676,0.974851
9.3,0.997732,0.975471
9.35,0.997787,0.976077
9.4,0.99784,0.976667
9.45,0.997892,0.977243
9.5,0.997943,0.977804
9.55,0.997992,0.978352
9.6,0.998041,0.978886
9.65,0.998088,0.979407
9.7,0.998134,0.979916
9.75,0.998179,0.980411
9.8,0.998224,0.980895
9.85,0.998267,0.981366
9.9,0.998309,0.981826
9.95,0.99835,0.982275
10,0.99839,0.982712
10.05,0.998429,0.983139
10.1,0.998467,0.983555
10.15,0.998504,0.983961
10.2,0.99854,0.984357
10.25,0.998576,0.984743
10.3,0.99861,0.98512
10.35,0.998644,0.985487
10.4,0.998677,0.985845
10.45,0.998709,0.986195
10.5,0.998741,0.986535
10.55,0.998772,0.986868
10.6,0.998801,0.987192
10.65,0.998831,0.987508
10.7,0.998859,0.987816
10.75,0.998887,0.988117
10.8,0.998914,0.988411
10.85,0.998941,0.988697
10.9,0.998967,0.988976
10.95,0.998992,0.989248
11,0.999017,0.989513
11.05,0.999041,0.989772
11.1,0.999064,0.990025
11.15,0.999087,0.990271
11.2,0.999109,0.990511
11.25,0.999131,0.990745
11.3,0.999152,0.990974
11.35,0.999173,0.991197
11.4,0.999193,0.991414
11.45,0.999213,0.991626
11.5,0.999232,0.991833
11.55,0.999251,0.992034
11.6,0.99927,0.992231
11.65,0.999287,0.992423
11.7,0.999305,0.99261
11.75,0.999322,0.992792
11.8,0.999339,0.99297
11.85,0.999355,0.993144
11.9,0.999371,0.993313
11.95,0.999386,0.993478
12,0.999401,0.993639
12.05,0.999416,0.993796
12.1,0.99943,0.993949
12.15,0.999444,0.994099
12.2,0.999458,0.994244
12.25,0.999471,0.994387
12.3,0.999484,0.994525
12.35,0.999497,0.99466
12.4,0.999509,0.994792
12.45,0.999521,0.994921
12.5,0.999533,0.995046
12.55,0.999544,0.995168
12.6,0.999556,0.995288
12.65,0.999567,0.995404
12.7,0.999577,0.995518
12.75,0.999588,0.995628
12.8,0.999598,0.995736
12.85,0.999608,0.995841
12.9,0.999617,0.995944
12.95,0.999627,0.996044
13,0.999636,0.996142
13.05,0.999645,0.996237
13.1,0.999654,0.99633
13.15,0.999662,0.996421
13.2,0.99967,0.996509
13.25,0.999679,0.996595
13.3,0.999687,0.996679
13.35,0.999694,0.996761
13.4,0.999702,0.996841
13.45,0.999709,0.996919
13.5,0.999716,0.996995
13.55,0.999723,0.997069
13.6,0.99973,0.997142
13.65,0.999737,0.997212
13.7,0.999743,0.997281
13.75,0.99975,0.997348
13.8,0.999756,0.997414
13.85,0.999762,0.997478
13.9,0.999768,0.99754
13.95,0.999773,0.997601
14,0.999779,0.99766
14.05,0.999784,0.997718
14.1,0.99979,0.997774
14.15,0.999795,0.997829
14.2,0.9998,0.997883
14.25,0.999805,0.997935
14.3,0.99981,0.997986
14.35,0.999814,0.998036
14.4,0.999819,0.998084
14.45,0.999823,0.998131
14.5,0.999828,0.998178
14.55,0.999832,0.998223
14.6,0.999836,0.998266
14.65,0.99984,0.998309
14.7,0.999844,0.998351
14.75,0.999848,0.998392
14.8,0.999852,0.998431
14.85,0.999855,0.99847
14.9,0.999859,0.998508
14.95,0.999862,0.998545
15,0.999866,0.998581
15.05,0.999869,0.998616
15.1,0.999872,0.99865
15.15,0.999875,0.998683
15.2,0.999879,0.998716
15.25,0.999882,0.998747
15.3,0.999884,0.998778
15.35,0.999887,0.998809
15.4,0.99989,0.998838
15.45,0.999893,0.998867
15.5,0.999895,0.998895
15.55,0.999898,0.998922
15.6,0.999901,0.998949
15.65,0.999903,0.998974
15.7,0.999905,0.999
15.75,0.999908,0.999025
15.8,0.99991,0.999049
15.85,0.999912,0.999072
15.9,0.999914,0.999095
15.95,0.999916,0.999117
16,0.999919,0.999139
16.05,0.999921,0.99916
16.1,0.999923,0.999181
16.15,0.999924,0.999201
16.2,0.999926,0.999221
16.25,0.999928,0.99924
16.3,0.99993,0.999259
16.35,0.999932,0.999277
16.4,0.999933,0.999295
16.45,0.999935,0.999313
16.5,0.999937,0.99933
16.55,0.999938,0.999346
16.6,0.99994,0.999362
16.65,0.999941,0.999378
16.7,0.999943,0.999393
16.75,0.999944,0.999408
16.8,0.999945,0.999423
16.85,0.999947,0.999437
16.9,0.999948,0.999451
16.95,0.999949,0.999465
17,0.999951,0.999478
17.05,0.999952,0.999491
17.1,0.999953,0.999503
17.15,0.999954,0.999516
17.2,0.999955,0.999528
17.25,0.999956,0.999539
17.3,0.999957,0.999551
17.35,0.999959,0.999562
17.4,0.99996,0.999573
17.45,0.999961,0.999583
17.5,0.999962,0.999593
17.55,0.999962,0.999603
17.6,0.999963,0.999613
17.65,0.999964,0.999623
17.7,0.999965,0.999632
17.75,0.999966,0.999641
17.8,0.999967,0.99965
17.85,0.999968,0.999659
17.9,0.999968,0.999667
17.95,0.999969,0.999675
18,0.99997,0.999683
18.05,0.999971,0.999691
18.1,0.999971,0.999699
18.15,0.999972,0.999706
18.2,0.999973,0.999713
18.25,0.999974,0.999721
18.3,0.999974,0.999727
18.35,0.999975,0.999734
18.4,0.999975,0.999741
18.45,0.999976,0.999747
18.5,0.999977,0.999753
18.55,0.999977,0.999759
18.6,0.999978,0.999765
18.65,0.999978,0.999771
18.7,0.999979,0.999777
18.75,0.999979,0.999782
18.8,0.99998,0.999788
18.85,0.99998,0.999793
18.9,0.999981,0.999798
18.95,0.999981,0.999803
19,0.999982,0.999808
19.05,0.999982,0.999813
19.1,0.999983,0.999817
19.15,0.999983,0.999822
19.2,0.999984,0.999826
19.25,0.999984,0.99983
19.3,0.999984,0.999835
19.35,0.999985,0.999839
19.4,0.999985,0.999843
19.45,0.999985,0.999847
19.5,0.999986,0.99985
19.55,0.999986,0.999854
19.6,0.999987,0.999858
19.65,0.999987,0.999861
19.7,0.999987,0.999865
19.75,0.999988,0.999868
19.8,0.999988,0.999871
19.85,0.999988,0.999874
19.9,0.999988,0.999878
19.95,0.999989,0.999881
20,0.999989,0.999883
