sigma_D,tau_b,J,S,O
1,1,11.0247,1.12468,9.9
1.2917,1,10.939,0.951546,9.9875
1.5833,1,10.9099,0.834859,10.075
1.875,1,10.9127,0.750235,10.1625
2.1667,1,10.9356,0.685645,10.25
2.4583,1,10.972,0.634465,10.3375
2.75,1,11.0177,0.592737,10.425
3.0417,1,11.0704,0.557946,10.5125
3.3333,1,11.1284,0.528414,10.6
3.625,1,11.1905,0.502975,10.6875
3.9167,1,11.2558,0.480793,10.775
4.2083,1,11.3238,0.46125,10.8625
4.5,1,11.3939,0.44388,10.95
4.7917,1,11.4658,0.428324,11.0375
5.0833,1,11.5393,0.414299,11.125
5.375,1,11.6141,0.40158,11.2125
5.6667,1,11.69,0.389987,11.3
5.9583,1,11.7669,0.379369,11.3875
6.25,1,11.8446,0.369605,11.475
6.5417,1,11.9231,0.360592,11.5625
6.8333,1,12.0022,0.352243,11.65
7.125,1,12.082,0.344487,11.7375
7.4167,1,12.1623,0.337259,11.825
7.7083,1,12.243,0.330506,11.9125
8,1,12.3242,0.324182,12
1,3.9583,3.89707,1.17181,2.72526
1.2917,3.9583,3.80399,0.991223,2.81276
1.5833,3.9583,3.76941,0.86915,2.90026
1.875,3.9583,3.76819,0.780429,2.98776
2.1667,3.9583,3.78788,0.712614,3.07526
2.4583,3.9583,3.82159,0.658824,3.16276
2.75,3.9583,3.8652,0.614941,3.25026
3.0417,3.9583,3.9161,0.578339,3.33776
3.3333,3.9583,3.97253,0.547264,3.42526
3.625,3.9583,4.03326,0.520495,3.51276
3.9167,3.9583,4.09742,0.497154,3.60026
4.2083,3.9583,4.16436,0.476594,3.68776
4.5,3.9583,4.23359,0.458323,3.77526
4.7917,3.9583,4.30473,0.441963,3.86276
5.0833,3.9583,4.37748,0.427218,3.95026
5.375,3.9583,4.45161,0.41385,4.03776
5.6667,3.9583,4.52693,0.401667,4.12526
5.9583,3.9583,4.60328,0.390514,4.21276
6.25,3.9583,4.68052,0.38026,4.30026
6.5417,3.9583,4.75856,0.370797,4.38776
6.8333,3.9583,4.8373,0.362036,4.47526
7.125,3.9583,4.91666,0.353897,4.56276
7.4167,3.9583,4.99658,0.346315,4.65026
7.7083,3.9583,5.077,0.339234,4.73776
8,3.9583,5.15787,0.332604,4.82526
1,6.9167,2.90689,1.21893,1.68795
1.2917,6.9167,2.80635,1.0309,1.77545
1.5833,6.9167,2.76639,0.90344,1.86295
1.875,6.9167,2.76108,0.810624,1.95045
2.1667,6.9167,2.77753,0.739583,2.03795
2.4583,6.9167,2.80864,0.683184,2.12545
2.75,6.9167,2.8501,0.637144,2.21295
3.0417,6.9167,2.89918,0.598732,2.30045
3.3333,6.9167,2.95407,0.566114,2.38795
3.625,6.9167,3.01347,0.538015,2.47545
3.9167,6.9167,3.07647,0.513516,2.56295
4.2083,6.9167,3.14239,0.491937,2.65045
4.5,6.9167,3.21072,0.472765,2.73795
4.7917,6.9167,3.28105,0.455602,2.82545
5.0833,6.9167,3.35309,0.440137,2.91295
5.375,6.9167,3.42657,0.426119,3.00045
5.6667,6.9167,3.5013,0.413348,3.08795
5.9583,6.9167,3.57711,0.401658,3.17545
6.25,6.9167,3.65387,0.390915,3.26295
6.5417,6.9167,3.73145,0.381003,3.35045
6.8333,6.9167,3.80978,0.371828,3.43795
7.125,6.9167,3.88876,0.363307,3.52545
7.4167,6.9167,3.96832,0.355371,3.61295
7.7083,6.9167,4.04841,0.347962,3.70045
8,6.9167,4.12898,0.341026,3.78795
1,9.875,2.53821,1.26606,1.27215
1.2917,9.875,2.43023,1.07058,1.35965
1.5833,9.875,2.38488,0.93773,1.44715
1.875,9.875,2.37547,0.840818,1.53465
2.1667,9.875,2.3887,0.766551,1.62215
2.4583,9.875,2.41719,0.707543,1.70965
2.75,9.875,2.4565,0.659348,1.79715
3.0417,9.875,2.50378,0.619125,1.88465
3.3333,9.875,2.55712,0.584964,1.97215
3.625,9.875,2.61519,0.555534,2.05965
3.9167,9.875,2.67703,0.529877,2.14715
4.2083,9.875,2.74193,0.507281,2.23465
4.5,9.875,2.80936,0.487208,2.32215
4.7917,9.875,2.87889,0.469242,2.40965
5.0833,9.875,2.95021,0.453056,2.49715
5.375,9.875,3.02304,0.438388,2.58465
5.6667,9.875,3.09718,0.425028,2.67215
5.9583,9.875,3.17246,0.412803,2.75965
6.25,9.875,3.24872,0.40157,2.84715
6.5417,9.875,3.32586,0.391209,2.93465
6.8333,9.875,3.40377,0.38162,3.02215
7.125,9.875,3.48237,0.372717,3.10965
7.4167,9.875,3.56158,0.364428,3.19715
7.7083,9.875,3.64134,0.356689,3.28465
8,9.875,3.7216,0.349447,3.37215
1,12.833,2.36123,1.31318,1.04805
1.2917,12.833,2.24581,1.11026,1.13555
1.5833,12.833,2.19507,0.97202,1.22305
1.875,12.833,2.18157,0.871013,1.31055
2.1667,12.833,2.19157,0.79352,1.39805
2.4583,12.833,2.21745,0.731902,1.48555
2.75,12.833,2.2546,0.681552,1.57305
3.0417,12.833,2.30007,0.639518,1.66055
3.3333,12.833,2.35187,0.603814,1.74805
3.625,12.833,2.40861,0.573054,1.83555
3.9167,12.833,2.46929,0.546238,1.92305
4.2083,12.833,2.53318,0.522624,2.01055
4.5,12.833,2.5997,0.50165,2.09805
4.7917,12.833,2.66843,0.482881,2.18555
5.0833,12.833,2.73903,0.465974,2.27305
5.375,12.833,2.81121,0.450657,2.36055
5.6667,12.833,2.88476,0.436709,2.44805
5.9583,12.833,2.9595,0.423948,2.53555
6.25,12.833,3.03528,0.412225,2.62305
6.5417,12.833,3.11197,0.401415,2.71055
6.8333,12.833,3.18946,0.391412,2.79805
7.125,12.833,3.26768,0.382127,2.88555
7.4167,12.833,3.34654,0.373484,2.97305
7.7083,12.833,3.42597,0.365417,3.06055
8,12.833,3.50592,0.357869,3.14805
1,15.792,2.26822,1.36031,0.907916
1.2917,15.792,2.14535,1.14993,0.995416
1.5833,15.792,2.08923,1.00631,1.08292
1.875,15.792,2.07162,0.901208,1.17042
2.1667,15.792,2.0784,0.820489,1.25792
2.4583,15.792,2.10168,0.756262,1.34542
2.75,15.792,2.13667,0.703756,1.43292
3.0417,15.792,2.18033,0.65991,1.52042
3.3333,15.792,2.23058,0.622664,1.60792
3.625,15.792,2.28599,0.590574,1.69542
3.9167,15.792,2.34552,0.5626,1.78292
4.2083,15.792,2.40838,0.537968,1.87042
4.5,15.792,2.47401,0.516093,1.95792
4.7917,15.792,2.54194,0.49652,2.04542
5.0833,15.792,2.61181,0.478893,2.13292
5.375,15.792,2.68334,0.462927,2.22042
5.6667,15.792,2.7563,0.448389,2.30792
5.9583,15.792,2.83051,0.435093,2.39542
6.25,15.792,2.9058,0.42288,2.48292
6.5417,15.792,2.98204,0.41162,2.57042
6.8333,15.792,3.05912,0.401204,2.65792
7.125,15.792,3.13695,0.391537,2.74542
7.4167,15.792,3.21546,0.38254,2.83292
7.7083,15.792,3.29456,0.374145,2.92042
8,15.792,3.37421,0.366291,3.00792
1,18.75,2.21943,1.40743,0.812
1.2917,18.75,2.08911,1.18961,0.8995
1.5833,18.75,2.0276,1.0406,0.987
1.875,18.75,2.0059,0.931402,1.0745
2.1667,18.75,2.00946,0.847458,1.162
2.4583,18.75,2.03012,0.780621,1.2495
2.75,18.75,2.06296,0.72596,1.337
3.0417,18.75,2.1048,0.680303,1.4245
3.3333,18.75,2.15351,0.641514,1.512
3.625,18.75,2.20759,0.608094,1.5995
3.9167,18.75,2.26596,0.578961,1.687
4.2083,18.75,2.32781,0.553311,1.7745
4.5,18.75,2.39254,0.530535,1.862
4.7917,18.75,2.45966,0.510159,1.9495
5.0833,18.75,2.52881,0.491812,2.037
5.375,18.75,2.5997,0.475196,2.1245
5.6667,18.75,2.67207,0.46007,2.212
5.9583,18.75,2.74574,0.446237,2.2995
6.25,18.75,2.82053,0.433535,2.387
6.5417,18.75,2.89633,0.421826,2.4745
6.8333,18.75,2.973,0.410996,2.562
7.125,18.75,3.05045,0.400947,2.6495
7.4167,18.75,3.1286,0.391597,2.737
7.7083,18.75,3.20737,0.382872,2.8245
8,18.75,3.28671,0.374712,2.912
1,21.708,2.19678,1.45456,0.742226
1.2917,21.708,2.05902,1.22929,0.829726
1.5833,21.708,1.99212,1.07489,0.917226
1.875,21.708,1.96632,0.961597,1.00473
2.1667,21.708,1.96665,0.874427,1.09223
2.4583,21.708,1.98471,0.804981,1.17973
2.75,21.708,2.01539,0.748164,1.26723
3.0417,21.708,2.05542,0.700696,1.35473
3.3333,21.708,2.10259,0.660364,1.44223
3.625,21.708,2.15534,0.625613,1.52973
3.9167,21.708,2.21255,0.595322,1.61723
4.2083,21.708,2.27338,0.568655,1.70473
4.5,21.708,2.3372,0.544978,1.79223
4.7917,21.708,2.40352,0.523798,1.87973
5.0833,21.708,2.47196,0.504731,1.96723
5.375,21.708,2.54219,0.487465,2.05473
5.6667,21.708,2.61398,0.471751,2.14223
5.9583,21.708,2.68711,0.457382,2.22973
6.25,21.708,2.76142,0.44419,2.31723
6.5417,21.708,2.83676,0.432032,2.40473
6.8333,21.708,2.91301,0.420788,2.49223
7.125,21.708,2.99008,0.410357,2.57973
7.4167,21.708,3.06788,0.400653,2.66723
7.7083,21.708,3.14633,0.3916,2.75473
8,21.708,3.22536,0.383134,2.84223
1,24.667,2.19087,1.50168,0.689189
1.2917,24.667,2.04566,1.26897,0.776689
1.5833,24.667,1.97337,1.10918,0.864189
1.875,24.667,1.94348,0.991792,0.951689
2.1667,24.667,1.94058,0.901396,1.03919
2.4583,24.667,1.95603,0.82934,1.12669
2.75,24.667,1.98456,0.770368,1.21419
3.0417,24.667,2.02278,0.721089,1.30169
3.3333,24.667,2.0684,0.679214,1.38919
3.625,24.667,2.11982,0.643133,1.47669
3.9167,24.667,2.17587,0.611683,1.56419
4.2083,24.667,2.23569,0.583998,1.65169
4.5,24.667,2.29861,0.55942,1.73919
4.7917,24.667,2.36413,0.537438,1.82669
5.0833,24.667,2.43184,0.51765,1.91419
5.375,24.667,2.50142,0.499734,2.00169
5.6667,24.667,2.57262,0.483431,2.08919
5.9583,24.667,2.64522,0.468527,2.17669
6.25,24.667,2.71903,0.454845,2.26419
6.5417,24.667,2.79393,0.442237,2.35169
6.8333,24.667,2.86977,0.43058,2.43919
7.125,24.667,2.94646,0.419767,2.52669
7.4167,24.667,3.0239,0.409709,2.61419
7.7083,24.667,3.10202,0.400328,2.70169
8,24.667,3.18074,0.391556,2.78919
1,27.625,2.19632,1.54881,0.647511
1.2917,27.625,2.04365,1.30864,0.735011
1.5833,27.625,1.96598,1.14347,0.822511
1.875,27.625,1.932,1.02199,0.910011
2.1667,27.625,1.92588,0.928365,0.997511
2.4583,27.625,1.93871,0.853699,1.08501
2.75,27.625,1.96508,0.792572,1.17251
3.0417,27.625,2.00149,0.741482,1.26001
3.3333,27.625,2.04557,0.698063,1.34751
3.625,27.625,2.09566,0.660653,1.43501
3.9167,27.625,2.15056,0.628045,1.52251
4.2083,27.625,2.20935,0.599342,1.61001
4.5,27.625,2.27137,0.573862,1.69751
4.7917,27.625,2.33609,0.551077,1.78501
5.0833,27.625,2.40308,0.530568,1.87251
5.375,27.625,2.47201,0.512003,1.96001
5.6667,27.625,2.54262,0.495112,2.04751
5.9583,27.625,2.61468,0.479672,2.13501
6.25,27.625,2.68801,0.4655,2.22251
6.5417,27.625,2.76245,0.452443,2.31001
6.8333,27.625,2.83788,0.440372,2.39751
7.125,27.625,2.91419,0.429177,2.48501
7.4167,27.625,2.99128,0.418765,2.57251
7.7083,27.625,3.06907,0.409055,2.66001
8,27.625,3.14749,0.399977,2.74751
1,30.583,2.20983,1.59593,0.613896
1.2917,30.583,2.04972,1.34832,0.701396
1.5833,30.583,1.96666,1.17776,0.788896
1.875,30.583,1.92858,1.05218,0.876396
2.1667,30.583,1.91923,0.955333,0.963896
2.4583,30.583,1.92946,0.878059,1.0514
2.75,30.583,1.95367,0.814775,1.1389
3.0417,30.583,1.98827,0.761875,1.2264
3.3333,30.583,2.03081,0.716913,1.3139
3.625,30.583,2.07957,0.678173,1.4014
3.9167,30.583,2.1333,0.644406,1.4889
4.2083,30.583,2.19108,0.614686,1.5764
4.5,30.583,2.2522,0.588305,1.6639
4.7917,30.583,2.31611,0.564716,1.7514
5.0833,30.583,2.38238,0.543487,1.8389
5.375,30.583,2.45067,0.524273,1.9264
5.6667,30.583,2.52069,0.506792,2.0139
5.9583,30.583,2.59221,0.490816,2.1014
6.25,30.583,2.66505,0.476155,2.1889
6.5417,30.583,2.73905,0.462649,2.2764
6.8333,30.583,2.81406,0.450164,2.3639
7.125,30.583,2.88998,0.438587,2.4514
7.4167,30.583,2.96672,0.427822,2.5389
7.7083,30.583,3.04418,0.417783,2.6264
8,30.583,3.1223,0.408399,2.7139
1,33.542,2.22927,1.64306,0.586211
1.2917,33.542,2.06171,1.388,0.673711
1.5833,33.542,1.97326,1.21205,0.761211
1.875,33.542,1.93109,1.08238,0.848711
2.1667,33.542,1.91851,0.982302,0.936211
2.4583,33.542,1.92613,0.902418,1.02371
2.75,33.542,1.94819,0.836979,1.11121
3.0417,33.542,1.98098,0.782268,1.19871
3.3333,33.542,2.02197,0.735763,1.28621
3.625,33.542,2.0694,0.695692,1.37371
3.9167,33.542,2.12198,0.660767,1.46121
4.2083,33.542,2.17874,0.630029,1.54871
4.5,33.542,2.23896,0.602747,1.63621
4.7917,33.542,2.30207,0.578355,1.72371
5.0833,33.542,2.36762,0.556406,1.81121
5.375,33.542,2.43525,0.536542,1.89871
5.6667,33.542,2.50468,0.518473,1.98621
5.9583,33.542,2.57567,0.501961,2.07371
6.25,33.542,2.64802,0.48681,2.16121
6.5417,33.542,2.72157,0.472854,2.24871
6.8333,33.542,2.79617,0.459956,2.33621
7.125,33.542,2.87171,0.447998,2.42371
7.4167,33.542,2.94809,0.436878,2.51121
7.7083,33.542,3.02522,0.426511,2.59871
8,33.542,3.10303,0.416821,2.68621
1,36.5,2.25319,1.69018,0.563014
1.2917,36.5,2.07819,1.42768,0.650514
1.5833,36.5,1.98436,1.24634,0.738014
1.875,36.5,1.93808,1.11257,0.825514
2.1667,36.5,1.92228,1.00927,0.913014
2.4583,36.5,1.92729,0.926778,1.00051
2.75,36.5,1.9472,0.859183,1.08801
3.0417,36.5,1.97817,0.802661,1.17551
3.3333,36.5,2.01763,0.754613,1.26301
3.625,36.5,2.06373,0.713212,1.35051
3.9167,36.5,2.11514,0.677129,1.43801
4.2083,36.5,2.17089,0.645373,1.52551
4.5,36.5,2.2302,0.61719,1.61301
4.7917,36.5,2.29251,0.591994,1.70051
5.0833,36.5,2.35734,0.569325,1.78801
5.375,36.5,2.42432,0.548811,1.87551
5.6667,36.5,2.49317,0.530153,1.96301
5.9583,36.5,2.56362,0.513106,2.05051
6.25,36.5,2.63548,0.497465,2.13801
6.5417,36.5,2.70857,0.48306,2.22551
6.8333,36.5,2.78276,0.469748,2.31301
7.125,36.5,2.85792,0.457408,2.40051
7.4167,36.5,2.93395,0.445934,2.48801
7.7083,36.5,3.01075,0.435238,2.57551
8,36.5,3.08826,0.425242,2.66301
1,39.458,2.2806,1.7373,0.543295
1.2917,39.458,2.09815,1.46735,0.630795
1.5833,39.458,1.99893,1.28063,0.718295
1.875,39.458,1.94856,1.14277,0.805795
2.1667,39.458,1.92953,1.03624,0.893295
2.4583,39.458,1.93193,0.951137,0.980795
2.75,39.458,1.94968,0.881387,1.06829
3.0417,39.458,1.97885,0.823054,1.15579
3.3333,39.458,2.01676,0.773463,1.24329
3.625,39.458,2.06153,0.730732,1.33079
3.9167,39.458,2.11178,0.69349,1.41829
4.2083,39.458,2.16651,0.660716,1.50579
4.5,39.458,2.22493,0.631632,1.59329
4.7917,39.458,2.28643,0.605634,1.68079
5.0833,39.458,2.35054,0.582244,1.76829
5.375,39.458,2.41688,0.56108,1.85579
5.6667,39.458,2.48513,0.541834,1.94329
5.9583,39.458,2.55505,0.52425,2.03079
6.25,39.458,2.62641,0.50812,2.11829
6.5417,39.458,2.69906,0.493266,2.20579
6.8333,39.458,2.77283,0.47954,2.29329
7.125,39.458,2.84761,0.466818,2.38079
7.4167,39.458,2.92329,0.45499,2.46829
7.7083,39.458,2.99976,0.443966,2.55579
8,39.458,3.07696,0.433664,2.64329
1,42.417,2.31075,1.78443,0.526326
1.2917,42.417,2.12086,1.50703,0.613826
1.5833,42.417,2.01625,1.31492,0.701326
1.875,42.417,1.96179,1.17296,0.788826
2.1667,42.417,1.93954,1.06321,0.876326
2.4583,42.417,1.93932,0.975496,0.963826
2.75,42.417,1.95492,0.903591,1.05133
3.0417,42.417,1.98227,0.843446,1.13883
3.3333,42.417,2.01864,0.792313,1.22633
3.625,42.417,2.06208,0.748252,1.31383
3.9167,42.417,2.11118,0.709851,1.40133
4.2083,42.417,2.16489,0.67606,1.48883
4.5,42.417,2.2224,0.646075,1.57633
4.7917,42.417,2.2831,0.619273,1.66383
5.0833,42.417,2.34649,0.595163,1.75133
5.375,42.417,2.41218,0.57335,1.83883
5.6667,42.417,2.47984,0.553515,1.92633
5.9583,42.417,2.54922,0.535395,2.01383
6.25,42.417,2.6201,0.518775,2.10133
6.5417,42.417,2.6923,0.503471,2.18883
6.8333,42.417,2.76566,0.489332,2.27633
7.125,42.417,2.84005,0.476228,2.36383
7.4167,42.417,2.91537,0.464047,2.45133
7.7083,42.417,2.99152,0.452694,2.53883
8,42.417,3.06841,0.442086,2.62633
1,45.375,2.34312,1.83155,0.51157
1.2917,45.375,2.14578,1.54671,0.59907
1.5833,45.375,2.03578,1.34921,0.68657
1.875,45.375,1.97722,1.20315,0.77407
2.1667,45.375,1.95175,1.09018,0.86157
2.4583,45.375,1.94893,0.999856,0.94907
2.75,45.375,1.96236,0.925795,1.03657
3.0417,45.375,1.98791,0.863839,1.12407
3.3333,45.375,2.02273,0.811163,1.21157
3.625,45.375,2.06484,0.765771,1.29907
3.9167,45.375,2.11278,0.726213,1.38657
4.2083,45.375,2.16547,0.691403,1.47407
4.5,45.375,2.22209,0.660517,1.56157
4.7917,45.375,2.28198,0.632912,1.64907
5.0833,45.375,2.34465,0.608081,1.73657
5.375,45.375,2.40969,0.585619,1.82407
5.6667,45.375,2.47677,0.565195,1.91157
5.9583,45.375,2.54561,0.54654,1.99907
6.25,45.375,2.616,0.52943,2.08657
6.5417,45.375,2.68775,0.513677,2.17407
6.8333,45.375,2.76069,0.499124,2.26157
7.125,45.375,2.83471,0.485638,2.34907
7.4167,45.375,2.90967,0.473103,2.43657
7.7083,45.375,2.98549,0.461421,2.52407
8,45.375,3.06208,0.450507,2.61157
1,48.333,2.3773,1.87868,0.498621
1.2917,48.333,2.17251,1.58639,0.586121
1.5833,48.333,2.05712,1.3835,0.673621
1.875,48.333,1.99447,1.23335,0.761121
2.1667,48.333,1.96577,1.11715,0.848621
2.4583,48.333,1.96034,1.02422,0.936121
2.75,48.333,1.97162,0.947999,1.02362
3.0417,48.333,1.99535,0.884232,1.11112
3.3333,48.333,2.02863,0.830013,1.19862
3.625,48.333,2.06941,0.783291,1.28612
3.9167,48.333,2.11619,0.742574,1.37362
4.2083,48.333,2.16787,0.706747,1.46112
4.5,48.333,2.22358,0.674959,1.54862
4.7917,48.333,2.28267,0.646551,1.63612
5.0833,48.333,2.34462,0.621,1.72362
5.375,48.333,2.40901,0.597888,1.81112
5.6667,48.333,2.4755,0.576876,1.89862
5.9583,48.333,2.54381,0.557685,1.98612
6.25,48.333,2.61371,0.540085,2.07362
6.5417,48.333,2.685,0.523883,2.16112
6.8333,48.333,2.75754,0.508916,2.24862
7.125,48.333,2.83117,0.495048,2.33612
7.4167,48.333,2.90578,0.482159,2.42362
7.7083,48.333,2.98127,0.470149,2.51112
8,48.333,3.05755,0.458929,2.59862
1,51.292,2.41297,1.9258,0.487165
1.2917,51.292,2.20073,1.62606,0.574665
1.5833,51.292,2.07996,1.41779,0.662165
1.875,51.292,2.01321,1.26354,0.749665
2.1667,51.292,1.98128,1.14412,0.837165
2.4583,51.292,1.97324,1.04857,0.924665
2.75,51.292,1.98237,0.970202,1.01216
3.0417,51.292,2.00429,0.904625,1.09966
3.3333,51.292,2.03603,0.848863,1.18716
3.625,51.292,2.07548,0.800811,1.27466
3.9167,51.292,2.1211,0.758935,1.36216
4.2083,51.292,2.17176,0.72209,1.44966
4.5,51.292,2.22657,0.689402,1.53716
4.7917,51.292,2.28486,0.66019,1.62466
5.0833,51.292,2.34608,0.633919,1.71216
5.375,51.292,2.40982,0.610157,1.79966
5.6667,51.292,2.47572,0.588556,1.88716
5.9583,51.292,2.54349,0.568829,1.97466
6.25,51.292,2.6129,0.55074,2.06216
6.5417,51.292,2.68375,0.534088,2.14966
6.8333,51.292,2.75587,0.518708,2.23716
7.125,51.292,2.82912,0.504458,2.32466
7.4167,51.292,2.90338,0.491216,2.41216
7.7083,51.292,2.97854,0.478877,2.49966
8,51.292,3.05452,0.467351,2.58716
1,54.25,2.44989,1.97293,0.476959
1.2917,54.25,2.2302,1.66574,0.564459
1.5833,54.25,2.10404,1.45208,0.651959
1.875,54.25,2.0332,1.29374,0.739459
2.1667,54.25,1.99804,1.17108,0.826959
2.4583,54.25,1.98739,1.07293,0.914459
2.75,54.25,1.99436,0.992406,1.00196
3.0417,54.25,2.01448,0.925018,1.08946
3.3333,54.25,2.04467,0.867713,1.17696
3.625,54.25,2.08279,0.818331,1.26446
3.9167,54.25,2.12726,0.775297,1.35196
4.2083,54.25,2.17689,0.737434,1.43946
4.5,54.25,2.2308,0.703844,1.52696
4.7917,54.25,2.28829,0.67383,1.61446
5.0833,54.25,2.3488,0.646838,1.70196
5.375,54.25,2.41189,0.622427,1.78946
5.6667,54.25,2.4772,0.600237,1.87696
5.9583,54.25,2.54443,0.579974,1.96446
6.25,54.25,2.61335,0.561395,2.05196
6.5417,54.25,2.68375,0.544294,2.13946
6.8333,54.25,2.75546,0.528501,2.22696
7.125,54.25,2.82833,0.513868,2.31446
7.4167,54.25,2.90223,0.500272,2.40196
7.7083,54.25,2.97706,0.487604,2.48946
8,54.25,3.05273,0.475773,2.57696
1,57.208,2.48786,2.02005,0.467808
1.2917,57.208,2.26073,1.70542,0.555308
1.5833,57.208,2.12918,1.48637,0.642808
1.875,57.208,2.05424,1.32393,0.730308
2.1667,57.208,2.01586,1.19805,0.817808
2.4583,57.208,2.0026,1.09729,0.905308
2.75,57.208,2.00742,1.01461,0.992808
3.0417,57.208,2.02572,0.945411,1.08031
3.3333,57.208,2.05437,0.886563,1.16781
3.625,57.208,2.09116,0.835851,1.25531
3.9167,57.208,2.13447,0.791658,1.34281
4.2083,57.208,2.18309,0.752777,1.43031
4.5,57.208,2.23609,0.718287,1.51781
4.7917,57.208,2.29278,0.687469,1.60531
5.0833,57.208,2.35256,0.659757,1.69281
5.375,57.208,2.415,0.634696,1.78031
5.6667,57.208,2.47973,0.611917,1.86781
5.9583,57.208,2.54643,0.591119,1.95531
6.25,57.208,2.61486,0.57205,2.04281
6.5417,57.208,2.68481,0.5545,2.13031
6.8333,57.208,2.7561,0.538293,2.21781
7.125,57.208,2.82859,0.523278,2.30531
7.4167,57.208,2.90214,0.509328,2.39281
7.7083,57.208,2.97664,0.496332,2.48031
8,57.208,3.052,0.484194,2.56781
1,60.167,2.52673,2.06718,0.459557
1.2917,60.167,2.29215,1.7451,0.547057
1.5833,60.167,2.15522,1.52066,0.634557
1.875,60.167,2.07618,1.35413,0.722057
2.1667,60.167,2.03458,1.22502,0.809557
2.4583,60.167,2.01871,1.12165,0.897057
2.75,60.167,2.02137,1.03681,0.984557
3.0417,60.167,2.03786,0.965804,1.07206
3.3333,60.167,2.06497,0.905413,1.15956
3.625,60.167,2.10043,0.85337,1.24706
3.9167,60.167,2.14258,0.808019,1.33456
4.2083,60.167,2.19018,0.768121,1.42206
4.5,60.167,2.24229,0.732729,1.50956
4.7917,60.167,2.29816,0.701108,1.59706
5.0833,60.167,2.35723,0.672676,1.68456
5.375,60.167,2.41902,0.646965,1.77206
5.6667,60.167,2.48315,0.623598,1.85956
5.9583,60.167,2.54932,0.602264,1.94706
6.25,60.167,2.61726,0.582705,2.03456
6.5417,60.167,2.68676,0.564705,2.12206
6.8333,60.167,2.75764,0.548085,2.20956
7.125,60.167,2.82975,0.532688,2.29706
7.4167,60.167,2.90294,0.518384,2.38456
7.7083,60.167,2.97712,0.50506,2.47206
8,60.167,3.05217,0.492616,2.55956
1,63.125,2.56638,2.1143,0.452079
1.2917,63.125,2.32435,1.78477,0.539579
1.5833,63.125,2.18203,1.55495,0.627079
1.875,63.125,2.0989,1.38432,0.714579
2.1667,63.125,2.05407,1.25199,0.802079
2.4583,63.125,2.03559,1.14601,0.889579
2.75,63.125,2.0361,1.05902,0.977079
3.0417,63.125,2.05078,0.986197,1.06458
3.3333,63.125,2.07634,0.924263,1.15208
3.625,63.125,2.11047,0.87089,1.23958
3.9167,63.125,2.15146,0.82438,1.32708
4.2083,63.125,2.19804,0.783464,1.41458
4.5,63.125,2.24925,0.747172,1.50208
4.7917,63.125,2.30433,0.714747,1.58958
5.0833,63.125,2.36267,0.685594,1.67708
5.375,63.125,2.42381,0.659234,1.76458
5.6667,63.125,2.48736,0.635279,1.85208
5.9583,63.125,2.55299,0.613408,1.93958
6.25,63.125,2.62044,0.59336,2.02708
6.5417,63.125,2.68949,0.574911,2.11458
6.8333,63.125,2.75996,0.557877,2.20208
7.125,63.125,2.83168,0.542098,2.28958
7.4167,63.125,2.90452,0.527441,2.37708
7.7083,63.125,2.97837,0.513787,2.46458
8,63.125,3.05312,0.501038,2.55208
1,66.083,2.6067,2.16143,0.445271
1.2917,66.083,2.35722,1.82445,0.532771
1.5833,66.083,2.20952,1.58924,0.620271
1.875,66.083,2.12229,1.41452,0.707771
2.1667,66.083,2.07423,1.27896,0.795271
2.4583,66.083,2.05314,1.17037,0.882771
2.75,66.083,2.05149,1.08122,0.970271
3.0417,66.083,2.06436,1.00659,1.05777
3.3333,66.083,2.08838,0.943113,1.14527
3.625,66.083,2.12118,0.88841,1.23277
3.9167,66.083,2.16101,0.840742,1.32027
4.2083,66.083,2.20658,0.798808,1.40777
4.5,66.083,2.25689,0.761614,1.49527
4.7917,66.083,2.31116,0.728386,1.58277
5.0833,66.083,2.36878,0.698513,1.67027
5.375,66.083,2.42927,0.671503,1.75777
5.6667,66.083,2.49223,0.646959,1.84527
5.9583,66.083,2.55732,0.624553,1.93277
6.25,66.083,2.62429,0.604014,2.02027
6.5417,66.083,2.69289,0.585117,2.10777
6.8333,66.083,2.76294,0.567669,2.19527
7.125,66.083,2.83428,0.551508,2.28277
7.4167,66.083,2.90677,0.536497,2.37027
7.7083,66.083,2.98029,0.522515,2.45777
8,66.083,3.05473,0.509459,2.54527
1,69.042,2.6476,2.20855,0.439046
1.2917,69.042,2.39068,1.86413,0.526546
1.5833,69.042,2.23758,1.62353,0.614046
1.875,69.042,2.14626,1.44471,0.701546
2.1667,69.042,2.09498,1.30593,0.789046
2.4583,69.042,2.07128,1.19473,0.876546
2.75,69.042,2.06747,1.10343,0.964046
3.0417,69.042,2.07853,1.02698,1.05155
3.3333,69.042,2.10101,0.961963,1.13905
3.625,69.042,2.13248,0.90593,1.22655
3.9167,69.042,2.17115,0.857103,1.31405
4.2083,69.042,2.2157,0.814151,1.40155
4.5,69.042,2.2651,0.776057,1.48905
4.7917,69.042,2.31857,0.742026,1.57655
5.0833,69.042,2.37548,0.711432,1.66405
5.375,69.042,2.43532,0.683773,1.75155
5.6667,69.042,2.49769,0.65864,1.83905
5.9583,69.042,2.56224,0.635698,1.92655
6.25,69.042,2.62872,0.614669,2.01405
6.5417,69.042,2.69687,0.595322,2.10155
6.8333,69.042,2.76651,0.577461,2.18905
7.125,69.042,2.83746,0.560918,2.27655
7.4167,69.042,2.9096,0.545553,2.36405
7.7083,69.042,2.98279,0.531243,2.45155
8,69.042,3.05693,0.517881,2.53905
1,72,2.68901,2.25567,0.433333
1.2917,72,2.42464,1.90381,0.520833
1.5833,72,2.26616,1.65782,0.608333
1.875,72,2.17074,1.47491,0.695833
2.1667,72,2.11623,1.3329,0.783333
2.4583,72,2.08992,1.21909,0.870833
2.75,72,2.08396,1.12563,0.958333
3.0417,72,2.09321,1.04738,1.04583
3.3333,72,2.11415,0.980813,1.13333
3.625,72,2.14428,0.923449,1.22083
3.9167,72,2.1818,0.873464,1.30833
4.2083,72,2.22533,0.829495,1.39583
4.5,72,2.27383,0.790499,1.48333
4.7917,72,2.3265,0.755665,1.57083
5.0833,72,2.38268,0.724351,1.65833
5.375,72,2.44188,0.696042,1.74583
5.6667,72,2.50365,0.67032,1.83333
5.9583,72,2.56768,0.646843,1.92083
6.25,72,2.63366,0.625324,2.00833
6.5417,72,2.70136,0.605528,2.09583
6.8333,72,2.77059,0.587253,2.18333
7.125,72,2.84116,0.570329,2.27083
7.4167,72,2.91294,0.554609,2.35833
7.7083,72,2.9858,0.53997,2.44583
8,72,3.05964,0.526303,2.53333
