param,E_breach,E_denial_daysrv,E_dataloss,MTTD,MTTResolve
beta,0,0,0,-0.54996,-0.5071
betaL,0.1457,0.010653,0.12425,-0.049037,-0.043409
eps,0.15019,0.14836,0.14653,-0.13578,-0.12306
phi,0.4451,0.46782,0.45085,-0.026322,-0.017715
rho,0.0080864,0.48989,0.42218,0.011486,0.01673
delta0,-0.30628,-0.42768,-0.32855,-0.10977,-0.10599
kx,-0.34979,-0.36849,-0.35731,-0.063138,-0.063413
kb,-0.055315,-0.36901,-0.24582,-0.037172,-0.037849
kc,-0.03769,-0.44498,-0.043927,-0.040313,-0.03781
RTO0,0,0.31394,0.15738,0,0.065676
RTO1,0,0.19262,0.010814,0,0.014697
wL,0,0,1,0,0
