t,E_comp,E_exfil,E_encr,E_lock
0,0,0,0,0
0.05,0.02444,0.000482639,7.84291e-06,1.98385e-07
0.1,0.0477728,0.00186238,5.89841e-05,3.01758e-06
0.15,0.0700216,0.00404022,0.000186975,1.45026e-05
0.2,0.0912142,0.00692211,0.000415974,4.34615e-05
0.25,0.111381,0.0104194,0.000762116,0.00010051
0.3,0.130553,0.0144489,0.00123482,0.000197255
0.35,0.148764,0.0189333,0.001838,0.000345614
0.4,0.166044,0.0238008,0.00257114,0.000557269
0.45,0.182425,0.0289851,0.00343021,0.000843235
0.5,0.197938,0.034425,0.00440852,0.00121354
0.55,0.212609,0.0400644,0.00549734,0.001677
0.6,0.226468,0.045852,0.00668655,0.00224105
0.65,0.23954,0.0517408,0.00796505,0.00291165
0.7,0.251848,0.057688,0.0093212,0.00369327
0.75,0.263417,0.0636549,0.0107431,0.00458887
0.8,0.274268,0.0696063,0.0122188,0.00559995
0.85,0.284423,0.0755105,0.0137367,0.00672659
0.9,0.2939,0.0813389,0.0152853,0.00796757
0.95,0.302719,0.0870661,0.0168539,0.00932043
1,0.310898,0.0926692,0.0184322,0.0107816
1.05,0.318456,0.0981282,0.0200103,0.0123465
1.1,0.325408,0.103425,0.0215795,0.0140096
1.15,0.331773,0.108545,0.0231312,0.0157647
1.2,0.337567,0.113474,0.024658,0.0176049
1.25,0.342807,0.118201,0.0261529,0.0195226
1.3,0.347508,0.122716,0.0276096,0.02151
1.35,0.351687,0.127012,0.0290227,0.0235588
1.4,0.35536,0.131082,0.0303872,0.0256604
1.45,0.358543,0.134922,0.0316989,0.0278063
1.5,0.361254,0.138527,0.0329542,0.0299877
1.55,0.363507,0.141897,0.0341501,0.0321958
1.6,0.365319,0.145029,0.0352839,0.034422
1.65,0.366707,0.147924,0.0363537,0.0366578
1.7,0.367687,0.150584,0.037358,0.0388949
1.75,0.368275,0.153009,0.0382957,0.0411252
1.8,0.368487,0.155203,0.0391661,0.0433409
1.85,0.36834,0.157169,0.039969,0.0455346
1.9,0.36785,0.158911,0.0407043,0.0476993
1.95,0.367033,0.160434,0.0413726,0.0498282
2,0.365904,0.161744,0.0419744,0.0519151
2.05,0.364479,0.162845,0.0425107,0.0539542
2.1,0.362775,0.163744,0.0429827,0.0559399
2.15,0.360806,0.164447,0.0433917,0.0578675
2.2,0.358587,0.164961,0.0437392,0.0597323
2.25,0.356134,0.165292,0.0440269,0.0615302
2.3,0.35346,0.165449,0.0442567,0.0632578
2.35,0.35058,0.165437,0.0444304,0.0649117
2.4,0.347507,0.165264,0.0445502,0.0664893
2.45,0.344256,0.164938,0.0446181,0.0679882
2.5,0.340839,0.164466,0.0446363,0.0694065
2.55,0.337269,0.163856,0.0446069,0.0707426
2.6,0.333559,0.163113,0.0445322,0.0719953
2.65,0.32972,0.162247,0.0444145,0.0731639
2.7,0.325763,0.161263,0.0442559,0.0742478
2.75,0.321701,0.16017,0.0440586,0.075247
2.8,0.317543,0.158973,0.043825,0.0761615
2.85,0.3133,0.15768,0.0435572,0.0769918
2.9,0.308981,0.156297,0.0432572,0.0777386
2.95,0.304596,0.154831,0.0429273,0.0784027
3,0.300155,0.153288,0.0425695,0.0789854
3.05,0.295665,0.151673,0.0421858,0.0794879
3.1,0.291135,0.149994,0.0417782,0.0799118
3.15,0.286572,0.148255,0.0413485,0.0802588
3.2,0.281984,0.146462,0.0408986,0.0805307
3.25,0.277377,0.14462,0.0404302,0.0807295
3.3,0.272759,0.142735,0.039945,0.0808572
3.35,0.268135,0.14081,0.0394447,0.080916
3.4,0.263512,0.138852,0.0389309,0.0809083
3.45,0.258894,0.136863,0.0384049,0.0808362
3.5,0.254287,0.134848,0.0378684,0.0807022
3.55,0.249696,0.132812,0.0373226,0.0805088
3.6,0.245125,0.130758,0.0367687,0.0802583
3.65,0.240579,0.12869,0.0362082,0.0799532
3.7,0.23606,0.12661,0.035642,0.0795961
3.75,0.231574,0.124523,0.0350713,0.0791894
3.8,0.227122,0.122431,0.0344972,0.0787355
3.85,0.222709,0.120337,0.0339205,0.078237
3.9,0.218336,0.118244,0.0333423,0.0776962
3.95,0.214008,0.116154,0.0327634,0.0771156
4,0.209725,0.11407,0.0321846,0.0764975
4.05,0.20549,0.111993,0.0316066,0.0758443
4.1,0.201305,0.109926,0.0310301,0.0751582
4.15,0.197172,0.107871,0.0304559,0.0744415
4.2,0.193092,0.10583,0.0298844,0.0736963
4.25,0.189067,0.103803,0.0293163,0.0729248
4.3,0.185097,0.101793,0.028752,0.072129
4.35,0.181184,0.0998015,0.028192,0.071311
4.4,0.177329,0.0978286,0.0276369,0.0704725
4.45,0.173532,0.095876,0.0270868,0.0696157
4.5,0.169795,0.0939448,0.0265423,0.0687421
4.55,0.166117,0.0920358,0.0260037,0.0678537
4.6,0.162499,0.09015,0.0254712,0.066952
4.65,0.158942,0.088288,0.0249451,0.0660386
4.7,0.155444,0.0864505,0.0244256,0.0651152
4.75,0.152008,0.0846382,0.023913,0.0641831
4.8,0.148632,0.0828515,0.0234074,0.0632439
4.85,0.145316,0.0810909,0.022909,0.0622988
4.9,0.142061,0.0793568,0.0224179,0.0613491
4.95,0.138866,0.0776494,0.0219343,0.060396
5,0.13573,0.0759691,0.0214582,0.0594408
5.05,0.132654,0.074316,0.0209898,0.0584844
5.1,0.129637,0.0726902,0.020529,0.057528
5.15,0.126679,0.071092,0.020076,0.0565725
5.2,0.123779,0.0695213,0.0196308,0.0556189
5.25,0.120936,0.0679781,0.0191933,0.054668
5.3,0.11815,0.0664625,0.0187636,0.0537207
5.35,0.115421,0.0649743,0.0183417,0.0527777
5.4,0.112747,0.0635135,0.0179276,0.0518397
5.45,0.110128,0.06208,0.0175212,0.0509074
5.5,0.107564,0.0606736,0.0171225,0.0499815
5.55,0.105053,0.0592941,0.0167315,0.0490625
5.6,0.102595,0.0579413,0.0163481,0.048151
5.65,0.10019,0.0566151,0.0159722,0.0472474
5.7,0.0978355,0.0553151,0.0156038,0.0463523
5.75,0.0955319,0.0540412,0.0152429,0.045466
5.8,0.0932781,0.052793,0.0148892,0.044589
5.85,0.0910733,0.0515702,0.0145428,0.0437216
5.9,0.0889167,0.0503726,0.0142036,0.0428641
5.95,0.0868076,0.0491998,0.0138715,0.0420168
6,0.0847451,0.0480515,0.0135464,0.04118
6.05,0.0827283,0.0469274,0.0132281,0.0403539
6.1,0.0807566,0.0458271,0.0129167,0.0395387
6.15,0.078829,0.0447503,0.0126119,0.0387346
6.2,0.0769448,0.0436967,0.0123137,0.0379418
6.25,0.0751032,0.0426658,0.0120221,0.0371603
6.3,0.0733033,0.0416574,0.0117368,0.0363903
6.35,0.0715444,0.040671,0.0114578,0.035632
6.4,0.0698256,0.0397063,0.011185,0.0348853
6.45,0.0681462,0.0387629,0.0109183,0.0341503
6.5,0.0665055,0.0378404,0.0106575,0.0334271
6.55,0.0649025,0.0369385,0.0104026,0.0327156
6.6,0.0633366,0.0360568,0.0101534,0.032016
6.65,0.0618071,0.035195,0.00990987,0.0313281
6.7,0.0603131,0.0343526,0.00967189,0.030652
6.75,0.0588539,0.0335293,0.00943934,0.0299876
6.8,0.0574288,0.0327247,0.00921211,0.029335
6.85,0.0560371,0.0319385,0.00899011,0.0286939
6.9,0.054678,0.0311704,0.00877323,0.0280644
6.95,0.053351,0.0304199,0.00856137,0.0274464
7,0.0520552,0.0296867,0.00835442,0.0268399
7.05,0.05079,0.0289704,0.00815228,0.0262446
7.1,0.0495547,0.0282707,0.00795486,0.0256606
7.15,0.0483488,0.0275874,0.00776206,0.0250877
7.2,0.0471714,0.0269199,0.00757378,0.0245259
7.25,0.0460221,0.0262681,0.00738993,0.0239749
7.3,0.0449002,0.0256315,0.0072104,0.0234348
7.35,0.043805,0.0250098,0.00703511,0.0229053
7.4,0.042736,0.0244028,0.00686397,0.0223863
7.45,0.0416925,0.0238101,0.00669688,0.0218778
7.5,0.0406741,0.0232314,0.00653376,0.0213795
7.55,0.0396801,0.0226663,0.00637451,0.0208914
7.6,0.0387099,0.0221147,0.00621906,0.0204132
7.65,0.0377631,0.0215762,0.00606732,0.0199449
7.7,0.0368391,0.0210505,0.0059192,0.0194863
7.75,0.0359374,0.0205373,0.00577463,0.0190373
7.8,0.0350574,0.0200363,0.00563352,0.0185977
7.85,0.0341986,0.0195474,0.0054958,0.0181674
7.9,0.0333607,0.0190701,0.00536139,0.0177462
7.95,0.0325429,0.0186042,0.0052302,0.017334
8,0.031745,0.0181496,0.00510218,0.0169306
8.05,0.0309664,0.0177058,0.00497725,0.0165359
8.1,0.0302067,0.0172727,0.00485533,0.0161498
8.15,0.0294655,0.0168501,0.00473635,0.015772
8.2,0.0287422,0.0164376,0.00462025,0.0154025
8.25,0.0280365,0.0160351,0.00450697,0.015041
8.3,0.027348,0.0156423,0.00439642,0.0146875
8.35,0.0266763,0.015259,0.00428856,0.0143418
8.4,0.0260209,0.014885,0.00418331,0.0140038
8.45,0.0253814,0.01452,0.00408062,0.0136732
8.5,0.0247576,0.0141639,0.00398042,0.0133501
8.55,0.0241489,0.0138164,0.00388266,0.0130341
8.6,0.0235552,0.0134774,0.00378728,0.0127253
8.65,0.0229759,0.0131465,0.00369423,0.0124234
8.7,0.0224108,0.0128238,0.00360344,0.0121283
8.75,0.0218594,0.0125088,0.00351486,0.0118399
8.8,0.0213216,0.0122016,0.00342844,0.011558
8.85,0.0207969,0.0119018,0.00334414,0.0112826
8.9,0.0202851,0.0116093,0.00326189,0.0110134
8.95,0.0197858,0.011324,0.00318165,0.0107504
9,0.0192987,0.0110456,0.00310337,0.0104935
9.05,0.0188235,0.010774,0.003027,0.0102424
9.1,0.01836,0.010509,0.00295251,0.00999711
9.15,0.0179079,0.0102505,0.00287983,0.00975749
9.2,0.0174668,0.00999836,0.00280894,0.00952341
9.25,0.0170366,0.00975236,0.00273978,0.00929476
9.3,0.0166169,0.00951237,0.00267232,0.00907141
9.35,0.0162075,0.00927826,0.00260651,0.00885326
9.4,0.0158082,0.00904987,0.00254231,0.0086402
9.45,0.0154186,0.00882708,0.00247969,0.00843211
9.5,0.0150387,0.00860975,0.00241861,0.00822888
9.55,0.014668,0.00839774,0.00235902,0.00803042
9.6,0.0143065,0.00819093,0.00230089,0.00783661
9.65,0.0139539,0.00798919,0.0022442,0.00764736
9.7,0.0136099,0.0077924,0.00218889,0.00746256
9.75,0.0132744,0.00760044,0.00213494,0.00728211
9.8,0.0129471,0.00741318,0.00208232,0.00710592
9.85,0.0126279,0.00723053,0.00203099,0.0069339
9.9,0.0123165,0.00705236,0.00198093,0.00676595
9.95,0.0120128,0.00687856,0.00193209,0.00660197
10,0.0117166,0.00670904,0.00188446,0.00644189
10.05,0.0114276,0.00654368,0.00183799,0.00628561
10.1,0.0111458,0.00638238,0.00179267,0.00613304
10.15,0.0108709,0.00622505,0.00174847,0.00598411
10.2,0.0106028,0.00607158,0.00170535,0.00583872
10.25,0.0103412,0.00592189,0.00166329,0.0056968
10.3,0.0100861,0.00577589,0.00162227,0.00555827
10.35,0.00983734,0.00563347,0.00158226,0.00542305
10.4,0.00959467,0.00549455,0.00154323,0.00529107
10.45,0.00935797,0.00535906,0.00150517,0.00516224
10.5,0.0091271,0.0052269,0.00146804,0.00503651
10.55,0.00890192,0.00509799,0.00143182,0.00491379
10.6,0.00868229,0.00497225,0.0013965,0.00479401
10.65,0.00846808,0.00484961,0.00136205,0.00467711
10.7,0.00825914,0.00472999,0.00132845,0.00456303
10.75,0.00805535,0.00461332,0.00129567,0.00445169
10.8,0.00785658,0.00449952,0.0012637,0.00434303
10.85,0.00766271,0.00438852,0.00123252,0.00423699
10.9,0.00747362,0.00428026,0.00120211,0.0041335
10.95,0.0072892,0.00417466,0.00117245,0.00403252
11,0.00710932,0.00407166,0.00114352,0.00393397
11.05,0.00693387,0.00397121,0.0011153,0.0038378
11.1,0.00676276,0.00387323,0.00108778,0.00374396
11.15,0.00659586,0.00377766,0.00106093,0.00365239
11.2,0.00643307,0.00368445,0.00103475,0.00356304
11.25,0.00627431,0.00359353,0.00100922,0.00347585
11.3,0.00611945,0.00350486,0.00098431,0.00339077
11.35,0.00596842,0.00341837,0.000960018,0.00330775
11.4,0.00582111,0.00333402,0.000936324,0.00322675
11.45,0.00567744,0.00325174,0.000913215,0.00314772
11.5,0.00553731,0.00317149,0.000890676,0.0030706
11.55,0.00540063,0.00309323,0.000868693,0.00299536
11.6,0.00526733,0.00301689,0.000847253,0.00292194
11.65,0.00513732,0.00294243,0.000826341,0.00285031
11.7,0.00501051,0.00286981,0.000805945,0.00278043
11.75,0.00488683,0.00279899,0.000786052,0.00271224
11.8,0.00476621,0.0027299,0.00076665,0.00264571
11.85,0.00464856,0.00266253,0.000747726,0.00258081
11.9,0.00453381,0.00259681,0.000729269,0.00251748
11.95,0.0044219,0.00253272,0.000711268,0.0024557
12,0.00431274,0.0024702,0.000693711,0.00239543
12.05,0.00420628,0.00240923,0.000676587,0.00233662
12.1,0.00410245,0.00234976,0.000659886,0.00227925
12.15,0.00400118,0.00229176,0.000643597,0.00222328
12.2,0.0039024,0.0022352,0.000627709,0.00216868
12.25,0.00380607,0.00218002,0.000612214,0.00211541
12.3,0.00371211,0.00212621,0.000597101,0.00206344
12.35,0.00362047,0.00207373,0.000582361,0.00201274
12.4,0.0035311,0.00202254,0.000567985,0.00196328
12.45,0.00344393,0.00197261,0.000553964,0.00191503
12.5,0.00335891,0.00192392,0.000540288,0.00186796
12.55,0.00327599,0.00187642,0.000526951,0.00182204
12.6,0.00319511,0.0018301,0.000513942,0.00177725
12.65,0.00311623,0.00178493,0.000501254,0.00173355
12.7,0.0030393,0.00174086,0.00048888,0.00169092
12.75,0.00296427,0.00169789,0.000476811,0.00164933
12.8,0.00289109,0.00165597,0.00046504,0.00160877
12.85,0.00281972,0.00161509,0.000453559,0.0015692
12.9,0.0027501,0.00157522,0.000442362,0.00153059
12.95,0.00268221,0.00153634,0.000431441,0.00149293
13,0.00261599,0.00149841,0.00042079,0.0014562
13.05,0.00255141,0.00146142,0.000410401,0.00142037
13.1,0.00248842,0.00142534,0.000400269,0.00138541
13.15,0.00242698,0.00139015,0.000390388,0.00135131
13.2,0.00236707,0.00135583,0.00038075,0.00131805
13.25,0.00230863,0.00132236,0.00037135,0.00128561
13.3,0.00225163,0.00128971,0.000362182,0.00125396
13.35,0.00219604,0.00125787,0.00035324,0.00122309
13.4,0.00214182,0.00122682,0.000344519,0.00119297
13.45,0.00208894,0.00119653,0.000336013,0.0011636
13.5,0.00203737,0.00116699,0.000327718,0.00113494
13.55,0.00198707,0.00113818,0.000319627,0.00110699
13.6,0.00193801,0.00111008,0.000311736,0.00107973
13.65,0.00189017,0.00108268,0.000304039,0.00105314
13.7,0.0018435,0.00105595,0.000296533,0.00102719
13.75,0.00179798,0.00102988,0.000289212,0.00100189
13.8,0.00175359,0.00100445,0.000282072,0.00097721
13.85,0.0017103,0.000979652,0.000275107,0.000953135
13.9,0.00166807,0.000955465,0.000268315,0.000929653
13.95,0.00162689,0.000931876,0.000261691,0.000906747
14,0.00158672,0.000908869,0.00025523,0.000884404
14.05,0.00154755,0.00088643,0.000248929,0.000862611
14.1,0.00150934,0.000864545,0.000242783,0.000841354
14.15,0.00147208,0.000843201,0.000236789,0.00082062
14.2,0.00143573,0.000822383,0.000230942,0.000800395
14.25,0.00140028,0.000802079,0.000225241,0.000780668
14.3,0.00136571,0.000782276,0.00021968,0.000761427
14.35,0.00133199,0.000762963,0.000214256,0.000742659
14.4,0.00129911,0.000744126,0.000208966,0.000724352
14.45,0.00126703,0.000725754,0.000203807,0.000706497
14.5,0.00123575,0.000707836,0.000198775,0.00068908
14.55,0.00120524,0.00069036,0.000193867,0.000672093
14.6,0.00117548,0.000673315,0.000189081,0.000655523
14.65,0.00114646,0.000656691,0.000184412,0.000639361
14.7,0.00111816,0.000640478,0.000179859,0.000623597
14.75,0.00109055,0.000624665,0.000175419,0.000608222
14.8,0.00106362,0.000609243,0.000171088,0.000593225
14.85,0.00103736,0.000594201,0.000166864,0.000578597
14.9,0.00101175,0.00057953,0.000162744,0.000564329
14.95,0.000986771,0.000565222,0.000158726,0.000550413
15,0.000962408,0.000551267,0.000154807,0.000536839
15.05,0.000938647,0.000537656,0.000150985,0.0005236
15.1,0.000915472,0.000524382,0.000147257,0.000510687
15.15,0.000892869,0.000511435,0.000143621,0.000498092
15.2,0.000870824,0.000498808,0.000140075,0.000485808
15.25,0.000849324,0.000486492,0.000136617,0.000473826
15.3,0.000828354,0.000474481,0.000133244,0.000462139
15.35,0.000807902,0.000462766,0.000129954,0.00045074
15.4,0.000787955,0.000451341,0.000126745,0.000439622
15.45,0.000768501,0.000440197,0.000123616,0.000428778
15.5,0.000749526,0.000429329,0.000120564,0.000418201
15.55,0.000731021,0.000418729,0.000117587,0.000407885
15.6,0.000712972,0.000408391,0.000114684,0.000397823
15.65,0.000695369,0.000398307,0.000111853,0.000388009
15.7,0.0006782,0.000388473,0.000109091,0.000378437
15.75,0.000661455,0.000378882,0.000106398,0.000369101
15.8,0.000645124,0.000369527,0.000103771,0.000359995
15.85,0.000629196,0.000360404,0.000101208,0.000351114
15.9,0.000613661,0.000351506,9.87097e-05,0.000342451
15.95,0.00059851,0.000342827,9.62725e-05,0.000334002
16,0.000583733,0.000334363,9.38956e-05,0.000325762
16.05,0.000569321,0.000326107,9.15773e-05,0.000317724
16.1,0.000555264,0.000318056,8.93162e-05,0.000309885
16.15,0.000541555,0.000310203,8.7111e-05,0.000302239
16.2,0.000528184,0.000302544,8.49603e-05,0.000294781
16.25,0.000515143,0.000295074,8.28626e-05,0.000287508
16.3,0.000502424,0.000287789,8.08167e-05,0.000280413
16.35,0.000490019,0.000280683,7.88214e-05,0.000273494
16.4,0.000477921,0.000273753,7.68753e-05,0.000266745
16.45,0.000466121,0.000266994,7.49772e-05,0.000260163
16.5,0.000454612,0.000260402,7.3126e-05,0.000253743
16.55,0.000443388,0.000253973,7.13205e-05,0.000247482
16.6,0.000432441,0.000247702,6.95596e-05,0.000241374
16.65,0.000421764,0.000241587,6.78422e-05,0.000235418
16.7,0.00041135,0.000235622,6.61672e-05,0.000229608
16.75,0.000401194,0.000229804,6.45335e-05,0.000223942
16.8,0.000391289,0.000224131,6.29402e-05,0.000218416
16.85,0.000381628,0.000218597,6.13862e-05,0.000213025
16.9,0.000372205,0.0002132,5.98706e-05,0.000207768
16.95,0.000363015,0.000207936,5.83924e-05,0.00020264
17,0.000354053,0.000202802,5.69507e-05,0.000197639
17.05,0.000345311,0.000197795,5.55445e-05,0.000192762
17.1,0.000336785,0.000192911,5.41731e-05,0.000188004
17.15,0.00032847,0.000188148,5.28356e-05,0.000183364
17.2,0.00032036,0.000183503,5.15311e-05,0.000178839
17.25,0.00031245,0.000178972,5.02588e-05,0.000174425
17.3,0.000304736,0.000174553,4.90179e-05,0.00017012
17.35,0.000297212,0.000170243,4.78076e-05,0.000165921
17.4,0.000289874,0.00016604,4.66273e-05,0.000161826
17.45,0.000282717,0.000161941,4.5476e-05,0.000157832
17.5,0.000275737,0.000157942,4.43532e-05,0.000153936
17.55,0.000268929,0.000154043,4.32582e-05,0.000150137
17.6,0.000262289,0.000150239,4.21901e-05,0.000146431
17.65,0.000255813,0.00014653,4.11484e-05,0.000142817
17.7,0.000249497,0.000142912,4.01325e-05,0.000139292
17.75,0.000243337,0.000139384,3.91416e-05,0.000135854
17.8,0.000237329,0.000135942,3.81752e-05,0.0001325
17.85,0.000231469,0.000132586,3.72326e-05,0.00012923
17.9,0.000225754,0.000129312,3.63134e-05,0.00012604
17.95,0.00022018,0.00012612,3.54168e-05,0.000122929
18,0.000214744,0.000123006,3.45423e-05,0.000119894
18.05,0.000209442,0.000119969,3.36895e-05,0.000116935
18.1,0.000204271,0.000117007,3.28577e-05,0.000114049
18.15,0.000199227,0.000114118,3.20464e-05,0.000111233
18.2,0.000194308,0.0001113,3.12552e-05,0.000108488
18.25,0.000189511,0.000108552,3.04835e-05,0.00010581
18.3,0.000184832,0.000105872,2.97309e-05,0.000103198
18.35,0.000180268,0.000103258,2.89968e-05,0.00010065
18.4,0.000175817,0.000100709,2.82809e-05,9.81658e-05
18.45,0.000171477,9.8222e-05,2.75826e-05,9.57426e-05
18.5,0.000167243,9.57969e-05,2.69016e-05,9.33791e-05
18.55,0.000163114,9.34317e-05,2.62374e-05,9.1074e-05
18.6,0.000159086,9.11249e-05,2.55896e-05,8.88258e-05
18.65,0.000155158,8.8875e-05,2.49578e-05,8.66331e-05
18.7,0.000151328,8.66807e-05,2.43416e-05,8.44945e-05
18.75,0.000147591,8.45405e-05,2.37406e-05,8.24087e-05
18.8,0.000143947,8.24532e-05,2.31544e-05,8.03744e-05
18.85,0.000140393,8.04174e-05,2.25828e-05,7.83903e-05
18.9,0.000136927,7.84319e-05,2.20252e-05,7.64551e-05
18.95,0.000133546,7.64954e-05,2.14814e-05,7.45677e-05
19,0.000130249,7.46067e-05,2.0951e-05,7.27269e-05
19.05,0.000127033,7.27647e-05,2.04337e-05,7.09316e-05
19.1,0.000123897,7.09681e-05,1.99292e-05,6.91805e-05
19.15,0.000120838,6.92159e-05,1.94372e-05,6.74727e-05
19.2,0.000117854,6.7507e-05,1.89573e-05,6.5807e-05
19.25,0.000114944,6.58402e-05,1.84892e-05,6.41825e-05
19.3,0.000112106,6.42146e-05,1.80327e-05,6.2598e-05
19.35,0.000109338,6.26292e-05,1.75875e-05,6.10526e-05
19.4,0.000106639,6.10828e-05,1.71532e-05,5.95454e-05
19.45,0.000104006,5.95747e-05,1.67297e-05,5.80754e-05
19.5,0.000101438,5.81038e-05,1.63167e-05,5.66417e-05
19.55,9.89334e-05,5.66692e-05,1.59138e-05,5.52434e-05
19.6,9.64907e-05,5.527e-05,1.55209e-05,5.38796e-05
19.65,9.41083e-05,5.39054e-05,1.51377e-05,5.25494e-05
19.7,9.17848e-05,5.25745e-05,1.47639e-05,5.12521e-05
19.75,8.95186e-05,5.12764e-05,1.43994e-05,4.99869e-05
19.8,8.73084e-05,5.00104e-05,1.40439e-05,4.87528e-05
19.85,8.51528e-05,4.87756e-05,1.36971e-05,4.75492e-05
19.9,8.30503e-05,4.75714e-05,1.3359e-05,4.63753e-05
19.95,8.09998e-05,4.63968e-05,1.30291e-05,4.52304e-05
20,7.89999e-05,4.52513e-05,1.27074e-05,4.41138e-05
