t,sigma_0.5,sigma_1.0,sigma_2.0,sigma_4.0
0,0,0,0,0
0.05,0.000125639,0.000127713,0.00013182,0.00013987
0.1,0.0005052,0.00052167,0.000553924,0.000615804
0.15,0.00114273,0.00119779,0.00130433,0.00150411
0.2,0.00204226,0.00217125,0.00241775,0.00286917
0.25,0.00320762,0.00345617,0.00392499,0.0047631
0.3,0.00464233,0.00506535,0.00585263,0.0072261
0.35,0.00634951,0.00701016,0.00822286,0.0102873
0.4,0.0083318,0.00930036,0.0110535,0.0139657
0.45,0.0105913,0.0119441,0.0143582,0.0182714
0.5,0.0131296,0.0149479,0.0181462,0.0232064
0.55,0.0159476,0.0183165,0.0224233,0.0287659
0.6,0.0190456,0.0220531,0.0271913,0.0349393
0.65,0.0224235,0.0261593,0.0324488,0.0417108
0.7,0.0260802,0.0306351,0.0381911,0.0490608
0.75,0.0300143,0.0354792,0.044411,0.0569659
0.8,0.0342237,0.0406885,0.0510985,0.0654003
0.85,0.0387058,0.0462589,0.0582415,0.0743359
0.9,0.0434573,0.0521849,0.0658257,0.0837433
0.95,0.0484745,0.05846,0.0738351,0.0935916
1,0.0537532,0.0650764,0.0822525,0.10385
1.05,0.0592885,0.0720254,0.091059,0.114485
1.1,0.0650752,0.0792974,0.100235,0.125467
1.15,0.0711078,0.0868819,0.10976,0.136764
1.2,0.0773801,0.0947678,0.119612,0.148344
1.25,0.0838858,0.102943,0.129771,0.160177
1.3,0.0906181,0.111396,0.140213,0.172234
1.35,0.0975699,0.120113,0.150918,0.184485
1.4,0.104734,0.129081,0.161862,0.196904
1.45,0.112102,0.138286,0.173024,0.209464
1.5,0.119667,0.147715,0.184382,0.222138
1.55,0.127421,0.157353,0.195914,0.234904
1.6,0.135354,0.167187,0.207601,0.247738
1.65,0.14346,0.177202,0.21942,0.260619
1.7,0.151729,0.187383,0.231353,0.273525
1.75,0.160153,0.197717,0.243379,0.286439
1.8,0.168723,0.208189,0.255481,0.299341
1.85,0.177431,0.218786,0.26764,0.312215
1.9,0.186267,0.229494,0.27984,0.325045
1.95,0.195223,0.240298,0.292063,0.337817
2,0.20429,0.251187,0.304294,0.350517
2.05,0.21346,0.262146,0.316518,0.363132
2.1,0.222723,0.273164,0.328722,0.375653
2.15,0.232072,0.284228,0.340892,0.388067
2.2,0.241498,0.295325,0.353014,0.400365
2.25,0.250992,0.306445,0.365079,0.412539
2.3,0.260546,0.317576,0.377074,0.424581
2.35,0.270153,0.328708,0.38899,0.436484
2.4,0.279804,0.33983,0.400817,0.448242
2.45,0.289492,0.350932,0.412545,0.459849
2.5,0.299208,0.362005,0.424168,0.4713
2.55,0.308946,0.37304,0.435678,0.48259
2.6,0.318699,0.384029,0.447067,0.493717
2.65,0.328459,0.394963,0.45833,0.504676
2.7,0.338219,0.405834,0.46946,0.515465
2.75,0.347973,0.416636,0.480454,0.526083
2.8,0.357715,0.427362,0.491306,0.536526
2.85,0.367438,0.438004,0.502012,0.546795
2.9,0.377137,0.448558,0.51257,0.556887
2.95,0.386805,0.459018,0.522975,0.566803
3,0.396438,0.469378,0.533225,0.576541
3.05,0.406029,0.479634,0.543318,0.586102
3.1,0.415575,0.489782,0.553252,0.595486
3.15,0.42507,0.499817,0.563025,0.604694
3.2,0.434509,0.509735,0.572637,0.613727
3.25,0.443889,0.519534,0.582086,0.622584
3.3,0.453205,0.52921,0.591372,0.631268
3.35,0.462453,0.538761,0.600495,0.63978
3.4,0.471629,0.548184,0.609454,0.648122
3.45,0.480731,0.557477,0.618251,0.656294
3.5,0.489754,0.566638,0.626884,0.664299
3.55,0.498697,0.575666,0.635355,0.672138
3.6,0.507555,0.584559,0.643665,0.679814
3.65,0.516326,0.593316,0.651815,0.687328
3.7,0.525008,0.601937,0.659805,0.694683
3.75,0.533598,0.610421,0.667638,0.701881
3.8,0.542095,0.618766,0.675314,0.708924
3.85,0.550496,0.626974,0.682835,0.715814
3.9,0.5588,0.635043,0.690202,0.722554
3.95,0.567005,0.642975,0.697418,0.729146
4,0.575109,0.650769,0.704484,0.735593
4.05,0.583112,0.658425,0.711402,0.741897
4.1,0.591012,0.665944,0.718174,0.74806
4.15,0.598808,0.673327,0.724803,0.754085
4.2,0.6065,0.680574,0.731289,0.759974
4.25,0.614086,0.687687,0.737635,0.765731
4.3,0.621566,0.694666,0.743843,0.771356
4.35,0.62894,0.701513,0.749916,0.776854
4.4,0.636207,0.708228,0.755856,0.782225
4.45,0.643368,0.714813,0.761664,0.787473
4.5,0.650421,0.721268,0.767344,0.792601
4.55,0.657367,0.727597,0.772897,0.79761
4.6,0.664206,0.733799,0.778325,0.802502
4.65,0.670938,0.739877,0.783632,0.807281
4.7,0.677563,0.745831,0.788818,0.811949
4.75,0.684082,0.751664,0.793886,0.816507
4.8,0.690495,0.757378,0.79884,0.820959
4.85,0.696803,0.762973,0.803679,0.825306
4.9,0.703005,0.768451,0.808408,0.82955
4.95,0.709103,0.773814,0.813028,0.833695
5,0.715098,0.779065,0.817541,0.837741
5.05,0.72099,0.784204,0.82195,0.841691
5.1,0.726779,0.789233,0.826256,0.845548
5.15,0.732467,0.794155,0.830462,0.849313
5.2,0.738055,0.79897,0.834569,0.852989
5.25,0.743543,0.803681,0.838581,0.856576
5.3,0.748932,0.80829,0.842498,0.860078
5.35,0.754224,0.812798,0.846323,0.863496
5.4,0.759419,0.817206,0.850058,0.866832
5.45,0.764518,0.821518,0.853704,0.870088
5.5,0.769523,0.825734,0.857265,0.873266
5.55,0.774435,0.829856,0.860741,0.876368
5.6,0.779254,0.833887,0.864134,0.879394
5.65,0.783982,0.837827,0.867446,0.882348
5.7,0.78862,0.841678,0.87068,0.88523
5.75,0.793169,0.845443,0.873836,0.888043
5.8,0.797631,0.849123,0.876917,0.890788
5.85,0.802006,0.852719,0.879924,0.893466
5.9,0.806295,0.856234,0.882859,0.896079
5.95,0.810501,0.859668,0.885723,0.898629
6,0.814624,0.863024,0.888519,0.901118
6.05,0.818666,0.866302,0.891247,0.903545
6.1,0.822627,0.869506,0.89391,0.905914
6.15,0.826509,0.872635,0.896508,0.908225
6.2,0.830313,0.875693,0.899044,0.91048
6.25,0.83404,0.878679,0.901518,0.91268
6.3,0.837692,0.881596,0.903933,0.914826
6.35,0.84127,0.884446,0.906289,0.91692
6.4,0.844775,0.887229,0.908588,0.918963
6.45,0.848207,0.889947,0.910831,0.920956
6.5,0.85157,0.892602,0.913019,0.9229
6.55,0.854863,0.895194,0.915155,0.924797
6.6,0.858088,0.897725,0.917238,0.926647
6.65,0.861245,0.900198,0.919271,0.928452
6.7,0.864337,0.902611,0.921255,0.930213
6.75,0.867365,0.904968,0.92319,0.931931
6.8,0.870328,0.90727,0.925078,0.933607
6.85,0.87323,0.909517,0.92692,0.935242
6.9,0.87607,0.91171,0.928717,0.936836
6.95,0.87885,0.913852,0.93047,0.938392
7,0.881571,0.915943,0.93218,0.939909
7.05,0.884235,0.917984,0.933848,0.94139
7.1,0.886841,0.919976,0.935476,0.942834
7.15,0.889392,0.921921,0.937064,0.944242
7.2,0.891888,0.92382,0.938613,0.945616
7.25,0.89433,0.925673,0.940124,0.946956
7.3,0.89672,0.927482,0.941598,0.948263
7.35,0.899058,0.929248,0.943036,0.949539
7.4,0.901346,0.930972,0.944439,0.950782
7.45,0.903584,0.932654,0.945807,0.951996
7.5,0.905773,0.934296,0.947142,0.953179
7.55,0.907915,0.935898,0.948444,0.954333
7.6,0.91001,0.937462,0.949714,0.955459
7.65,0.912059,0.938988,0.950953,0.956558
7.7,0.914064,0.940477,0.952162,0.957629
7.75,0.916024,0.941931,0.953341,0.958674
7.8,0.917942,0.94335,0.95449,0.959693
7.85,0.919817,0.944734,0.955612,0.960687
7.9,0.921651,0.946085,0.956706,0.961657
7.95,0.923444,0.947403,0.957773,0.962602
8,0.925198,0.948689,0.958814,0.963525
8.05,0.926913,0.949945,0.95983,0.964425
8.1,0.92859,0.951169,0.96082,0.965302
8.15,0.930229,0.952365,0.961786,0.966158
8.2,0.931832,0.953531,0.962729,0.966993
8.25,0.9334,0.954669,0.963648,0.967807
8.3,0.934932,0.955779,0.964544,0.968602
8.35,0.936431,0.956863,0.965419,0.969376
8.4,0.937895,0.95792,0.966271,0.970132
8.45,0.939327,0.958951,0.967103,0.970869
8.5,0.940727,0.959957,0.967915,0.971588
8.55,0.942095,0.960939,0.968706,0.972289
8.6,0.943433,0.961897,0.969478,0.972972
8.65,0.944741,0.962832,0.970231,0.973639
8.7,0.946019,0.963744,0.970966,0.97429
8.75,0.947268,0.964633,0.971682,0.974924
8.8,0.948489,0.965501,0.97238,0.975543
8.85,0.949683,0.966348,0.973062,0.976147
8.9,0.950849,0.967174,0.973727,0.976735
8.95,0.951989,0.96798,0.974375,0.97731
9,0.953104,0.968767,0.975007,0.97787
9.05,0.954193,0.969534,0.975624,0.978416
9.1,0.955257,0.970282,0.976225,0.978949
9.15,0.956297,0.971012,0.976812,0.979468
9.2,0.957314,0.971724,0.977384,0.979975
9.25,0.958307,0.972419,0.977942,0.980469
9.3,0.959278,0.973097,0.978487,0.980951
9.35,0.960226,0.973759,0.979018,0.981421
9.4,0.961153,0.974404,0.979535,0.98188
9.45,0.962059,0.975033,0.980041,0.982327
9.5,0.962944,0.975647,0.980533,0.982763
9.55,0.963809,0.976246,0.981014,0.983189
9.6,0.964654,0.97683,0.981482,0.983604
9.65,0.965479,0.9774,0.981939,0.984009
9.7,0.966286,0.977956,0.982385,0.984403
9.75,0.967074,0.978498,0.98282,0.984788
9.8,0.967844,0.979027,0.983244,0.985164
9.85,0.968597,0.979543,0.983657,0.98553
9.9,0.969332,0.980047,0.984061,0.985887
9.95,0.97005,0.980538,0.984454,0.986236
10,0.970752,0.981017,0.984838,0.986576
10.05,0.971437,0.981484,0.985212,0.986907
10.1,0.972107,0.98194,0.985577,0.98723
10.15,0.972761,0.982385,0.985933,0.987545
10.2,0.9734,0.982818,0.986281,0.987853
10.25,0.974024,0.983241,0.986619,0.988153
10.3,0.974634,0.983654,0.986949,0.988445
10.35,0.97523,0.984057,0.987272,0.98873
10.4,0.975812,0.984449,0.987586,0.989009
10.45,0.976381,0.984832,0.987892,0.98928
10.5,0.976936,0.985206,0.988191,0.989545
10.55,0.977479,0.98557,0.988483,0.989803
10.6,0.978009,0.985926,0.988767,0.990055
10.65,0.978527,0.986273,0.989044,0.9903
10.7,0.979032,0.986611,0.989315,0.99054
10.75,0.979526,0.986941,0.989579,0.990773
10.8,0.980009,0.987262,0.989836,0.991001
10.85,0.98048,0.987576,0.990087,0.991223
10.9,0.98094,0.987882,0.990332,0.99144
10.95,0.98139,0.988181,0.99057,0.991651
11,0.981829,0.988472,0.990803,0.991857
11.05,0.982258,0.988756,0.99103,0.992058
11.1,0.982677,0.989034,0.991251,0.992254
11.15,0.983086,0.989304,0.991467,0.992446
11.2,0.983485,0.989568,0.991678,0.992632
11.25,0.983876,0.989825,0.991884,0.992814
11.3,0.984257,0.990076,0.992084,0.992991
11.35,0.984629,0.99032,0.992279,0.993164
11.4,0.984993,0.990559,0.99247,0.993333
11.45,0.985348,0.990792,0.992656,0.993498
11.5,0.985694,0.991019,0.992837,0.993658
11.55,0.986033,0.99124,0.993014,0.993815
11.6,0.986364,0.991456,0.993187,0.993968
11.65,0.986687,0.991667,0.993355,0.994117
11.7,0.987002,0.991872,0.993519,0.994262
11.75,0.98731,0.992073,0.993679,0.994403
11.8,0.987611,0.992268,0.993835,0.994542
11.85,0.987905,0.992459,0.993987,0.994676
11.9,0.988192,0.992645,0.994136,0.994808
11.95,0.988472,0.992826,0.99428,0.994936
12,0.988745,0.993003,0.994422,0.995061
12.05,0.989012,0.993176,0.994559,0.995183
12.1,0.989273,0.993344,0.994694,0.995302
12.15,0.989528,0.993508,0.994825,0.995418
12.2,0.989777,0.993668,0.994952,0.995531
12.25,0.99002,0.993825,0.995077,0.995641
12.3,0.990257,0.993977,0.995199,0.995749
12.35,0.990489,0.994125,0.995317,0.995854
12.4,0.990715,0.99427,0.995433,0.995956
12.45,0.990936,0.994412,0.995545,0.996056
12.5,0.991151,0.99455,0.995655,0.996154
12.55,0.991362,0.994684,0.995763,0.996248
12.6,0.991567,0.994815,0.995867,0.996341
12.65,0.991768,0.994943,0.995969,0.996431
12.7,0.991964,0.995068,0.996069,0.99652
12.75,0.992155,0.99519,0.996166,0.996605
12.8,0.992342,0.995308,0.996261,0.996689
12.85,0.992525,0.995424,0.996353,0.996771
12.9,0.992703,0.995537,0.996443,0.996851
12.95,0.992877,0.995647,0.996531,0.996929
13,0.993047,0.995754,0.996616,0.997004
13.05,0.993213,0.995859,0.9967,0.997078
13.1,0.993374,0.995961,0.996781,0.99715
13.15,0.993533,0.996061,0.996861,0.997221
13.2,0.993687,0.996158,0.996938,0.997289
13.25,0.993838,0.996253,0.997014,0.997356
13.3,0.993985,0.996345,0.997088,0.997422
13.35,0.994128,0.996436,0.99716,0.997485
13.4,0.994269,0.996524,0.99723,0.997547
13.45,0.994405,0.996609,0.997298,0.997608
13.5,0.994539,0.996693,0.997365,0.997667
13.55,0.99467,0.996775,0.99743,0.997725
13.6,0.994797,0.996854,0.997493,0.997781
13.65,0.994921,0.996932,0.997555,0.997836
13.7,0.995043,0.997008,0.997616,0.997889
13.75,0.995161,0.997081,0.997675,0.997941
13.8,0.995277,0.997154,0.997732,0.997992
13.85,0.99539,0.997224,0.997788,0.998042
13.9,0.9955,0.997292,0.997843,0.99809
13.95,0.995608,0.997359,0.997896,0.998137
14,0.995713,0.997424,0.997948,0.998183
14.05,0.995816,0.997488,0.997998,0.998228
14.1,0.995916,0.99755,0.998048,0.998272
14.15,0.996014,0.99761,0.998096,0.998314
14.2,0.996109,0.997669,0.998143,0.998356
14.25,0.996203,0.997727,0.998189,0.998397
14.3,0.996294,0.997783,0.998234,0.998436
14.35,0.996382,0.997838,0.998277,0.998475
14.4,0.996469,0.997891,0.99832,0.998512
14.45,0.996554,0.997943,0.998361,0.998549
14.5,0.996637,0.997994,0.998402,0.998585
14.55,0.996717,0.998043,0.998441,0.99862
14.6,0.996796,0.998092,0.99848,0.998654
14.65,0.996873,0.998139,0.998517,0.998687
14.7,0.996948,0.998185,0.998554,0.99872
14.75,0.997021,0.99823,0.99859,0.998751
14.8,0.997093,0.998273,0.998624,0.998782
14.85,0.997162,0.998316,0.998658,0.998812
14.9,0.997231,0.998357,0.998691,0.998841
14.95,0.997297,0.998398,0.998724,0.99887
15,0.997362,0.998438,0.998755,0.998898
15.05,0.997425,0.998476,0.998786,0.998925
15.1,0.997487,0.998514,0.998816,0.998952
15.15,0.997548,0.99855,0.998845,0.998978
15.2,0.997607,0.998586,0.998874,0.999003
15.25,0.997664,0.998621,0.998902,0.999027
15.3,0.99772,0.998655,0.998929,0.999051
15.35,0.997775,0.998688,0.998955,0.999075
15.4,0.997829,0.998721,0.998981,0.999098
15.45,0.997881,0.998752,0.999006,0.99912
15.5,0.997932,0.998783,0.999031,0.999142
15.55,0.997982,0.998813,0.999055,0.999163
15.6,0.99803,0.998842,0.999078,0.999184
15.65,0.998078,0.998871,0.999101,0.999204
15.7,0.998124,0.998899,0.999123,0.999223
15.75,0.998169,0.998926,0.999144,0.999243
15.8,0.998213,0.998953,0.999166,0.999261
15.85,0.998256,0.998978,0.999186,0.99928
15.9,0.998298,0.999004,0.999206,0.999297
15.95,0.998339,0.999028,0.999226,0.999315
16,0.998379,0.999052,0.999245,0.999332
16.05,0.998418,0.999076,0.999264,0.999348
16.1,0.998456,0.999098,0.999282,0.999364
16.15,0.998494,0.999121,0.9993,0.99938
16.2,0.99853,0.999142,0.999317,0.999395
16.25,0.998565,0.999164,0.999334,0.99941
16.3,0.9986,0.999184,0.99935,0.999425
16.35,0.998634,0.999204,0.999366,0.999439
16.4,0.998667,0.999224,0.999382,0.999453
16.45,0.998699,0.999243,0.999397,0.999466
16.5,0.99873,0.999262,0.999412,0.999479
16.55,0.998761,0.99928,0.999427,0.999492
16.6,0.998791,0.999298,0.999441,0.999505
16.65,0.99882,0.999315,0.999455,0.999517
16.7,0.998848,0.999332,0.999468,0.999529
16.75,0.998876,0.999349,0.999481,0.999541
16.8,0.998903,0.999365,0.999494,0.999552
16.85,0.99893,0.99938,0.999506,0.999563
16.9,0.998956,0.999396,0.999519,0.999574
16.95,0.998981,0.999411,0.99953,0.999584
17,0.999006,0.999425,0.999542,0.999595
17.05,0.99903,0.999439,0.999553,0.999605
17.1,0.999053,0.999453,0.999564,0.999614
17.15,0.999076,0.999467,0.999575,0.999624
17.2,0.999098,0.99948,0.999586,0.999633
17.25,0.99912,0.999493,0.999596,0.999642
17.3,0.999141,0.999505,0.999606,0.999651
17.35,0.999162,0.999517,0.999616,0.99966
17.4,0.999182,0.999529,0.999625,0.999668
17.45,0.999202,0.999541,0.999634,0.999676
17.5,0.999221,0.999552,0.999643,0.999684
17.55,0.99924,0.999563,0.999652,0.999692
17.6,0.999259,0.999574,0.999661,0.9997
17.65,0.999277,0.999585,0.999669,0.999707
17.7,0.999294,0.999595,0.999677,0.999714
17.75,0.999311,0.999605,0.999685,0.999721
17.8,0.999328,0.999615,0.999693,0.999728
17.85,0.999344,0.999624,0.999701,0.999735
17.9,0.99936,0.999633,0.999708,0.999741
17.95,0.999375,0.999642,0.999715,0.999748
18,0.999391,0.999651,0.999722,0.999754
18.05,0.999405,0.99966,0.999729,0.99976
18.1,0.99942,0.999668,0.999736,0.999766
18.15,0.999434,0.999676,0.999742,0.999772
18.2,0.999448,0.999684,0.999749,0.999778
18.25,0.999461,0.999692,0.999755,0.999783
18.3,0.999474,0.9997,0.999761,0.999788
18.35,0.999487,0.999707,0.999767,0.999794
18.4,0.999499,0.999715,0.999773,0.999799
18.45,0.999511,0.999722,0.999778,0.999804
18.5,0.999523,0.999728,0.999784,0.999808
18.55,0.999535,0.999735,0.999789,0.999813
18.6,0.999546,0.999742,0.999794,0.999818
18.65,0.999557,0.999748,0.999799,0.999822
18.7,0.999568,0.999754,0.999804,0.999827
18.75,0.999578,0.99976,0.999809,0.999831
18.8,0.999588,0.999766,0.999814,0.999835
18.85,0.999598,0.999772,0.999818,0.999839
18.9,0.999608,0.999778,0.999823,0.999843
18.95,0.999618,0.999783,0.999827,0.999847
19,0.999627,0.999788,0.999832,0.999851
19.05,0.999636,0.999794,0.999836,0.999855
19.1,0.999645,0.999799,0.99984,0.999858
19.15,0.999653,0.999804,0.999844,0.999862
19.2,0.999662,0.999809,0.999848,0.999865
19.25,0.99967,0.999813,0.999851,0.999868
19.3,0.999678,0.999818,0.999855,0.999872
19.35,0.999686,0.999822,0.999859,0.999875
19.4,0.999694,0.999827,0.999862,0.999878
19.45,0.999701,0.999831,0.999865,0.999881
19.5,0.999708,0.999835,0.999869,0.999884
19.55,0.999715,0.999839,0.999872,0.999887
19.6,0.999722,0.999843,0.999875,0.99989
19.65,0.999729,0.999847,0.999878,0.999892
19.7,0.999736,0.999851,0.999881,0.999895
19.75,0.999742,0.999855,0.999884,0.999897
19.8,0.999748,0.999858,0.999887,0.9999
19.85,0.999754,0.999862,0.99989,0.999902
19.9,0.99976,0.999865,0.999893,0.999905
19.95,0.999766,0.999868,0.999895,0.999907
20,0.999772,0.999872,0.999898,0.99991
