O,S
0.433333,2.25567
0.438027,2.21668
0.443063,2.17768
0.44848,2.13868
0.454324,2.09968
0.460646,2.06068
0.467509,2.02168
0.474984,1.98268
0.483158,1.94368
0.492133,1.90468
0.502032,1.86568
0.505747,1.95521
0.510441,1.92146
0.513007,1.82668
0.515476,1.88771
0.520894,1.85395
0.525243,1.78768
0.526738,1.8202
0.53306,1.78645
0.53897,1.74868
0.539923,1.7527
0.547398,1.71894
0.554479,1.70968
0.555572,1.68519
0.564546,1.65144
0.572141,1.67068
0.574446,1.61768
0.578161,1.73396
0.582854,1.70419
0.585421,1.58393
0.58789,1.67442
0.592437,1.63168
0.593308,1.64465
0.597657,1.55018
0.599151,1.61488
0.605474,1.58511
0.611384,1.51642
0.612337,1.55534
0.616005,1.59268
0.619812,1.52557
0.626893,1.48267
0.627985,1.49579
0.63696,1.46602
0.643704,1.55368
0.644555,1.44892
0.64686,1.43625
0.650575,1.56332
0.655268,1.53668
0.657834,1.40648
0.660304,1.51005
0.664851,1.41517
0.665721,1.48341
0.67007,1.37671
0.671565,1.45678
0.676725,1.51468
0.677888,1.43014
0.683798,1.34694
0.68475,1.40351
0.688418,1.38141
0.692226,1.37688
0.699307,1.31717
0.700399,1.35024
0.709374,1.32361
0.716117,1.34766
0.716766,1.47568
0.716968,1.2874
0.719273,1.29697
0.722989,1.42718
0.727682,1.40309
0.730248,1.27034
0.732718,1.37899
0.737265,1.25763
0.738135,1.3549
0.742484,1.2437
0.743979,1.3308
0.749139,1.31391
0.750301,1.30671
0.756211,1.21707
0.757164,1.28261
0.760832,1.22786
0.764639,1.25852
0.766332,1.43668
0.77172,1.19044
0.772813,1.23442
0.781788,1.21033
0.788531,1.19809
0.78918,1.28015
0.789382,1.1638
0.791687,1.18623
0.795402,1.31574
0.800096,1.29374
0.802662,1.16214
0.805132,1.27175
0.809678,1.13717
0.810549,1.24976
0.814898,1.13804
0.816393,1.22776
0.821553,1.16832
0.822715,1.20577
0.828625,1.11395
0.829278,1.39768
0.829578,1.18377
0.833246,1.11053
0.837053,1.16178
0.838745,1.2464
0.844134,1.08985
0.845227,1.13978
0.854201,1.11779
0.860945,1.0839
0.861594,1.13855
0.861796,1.06576
0.864101,1.09579
0.867816,1.22264
0.87251,1.20241
0.875076,1.0738
0.877545,1.18219
0.882092,1.04166
0.882963,1.16196
0.887312,1.0518
0.888806,1.14173
0.893967,1.05726
0.895129,1.1215
0.901039,1.02981
0.901691,1.21265
0.901992,1.10128
0.90566,1.01757
0.909467,1.08105
0.911159,1.10877
0.911868,1.35868
0.916548,1.00782
0.917641,1.06082
0.926615,1.0406
0.933359,0.993472
0.934008,1.03063
0.93421,0.985821
0.936515,1.02037
0.94023,1.14358
0.944923,1.12486
0.94749,1.00014
0.949959,1.10614
0.954506,0.963827
0.955377,1.08742
0.959725,0.979915
0.96122,1.0687
0.96638,0.969377
0.967543,1.04998
0.973453,0.959688
0.974105,1.079
0.974406,1.03127
0.978074,0.941832
0.981881,1.01255
0.983573,1.004
0.984282,1.17889
0.988962,0.939461
0.990054,0.993828
0.999029,0.975109
1.00577,0.919838
1.00642,0.945282
1.00662,0.919234
1.00893,0.95639
1.01264,1.07552
1.01734,1.0581
1.0199,0.937671
1.02237,1.04069
1.025,1.31968
1.02692,0.899007
1.02779,1.02327
1.03214,0.918953
1.03363,1.00585
1.03879,0.897843
1.03996,0.988437
1.04587,0.900234
1.04652,0.977362
1.04682,0.971021
1.05049,0.87878
1.05429,0.953605
1.05599,0.921187
1.0567,1.04923
1.06138,0.881515
1.06247,0.936188
1.07144,0.918772
1.07819,0.858553
1.07884,0.875849
1.07904,0.862796
1.08134,0.901356
1.08506,1.01626
1.08975,0.999979
1.09232,0.883939
1.09479,0.983699
1.09741,1.14514
1.09933,0.844077
1.1002,0.967419
1.10455,0.866523
1.10605,0.951138
1.11121,0.838326
1.11237,0.934858
1.11828,0.849107
1.11893,0.897092
1.11923,0.918578
1.1229,0.825359
1.12671,0.902298
1.1284,0.853854
1.12911,0.950727
1.13379,0.831691
1.13488,0.886018
1.14386,0.869738
1.1506,0.80664
1.15125,0.818098
1.15145,0.814274
1.15376,0.853458
1.15747,0.964157
1.16216,0.948877
1.16473,0.837178
1.1672,0.933596
1.16983,1.01946
1.17175,0.796858
1.17262,0.918316
1.17697,0.820898
1.17846,0.903036
1.18362,0.787921
1.18478,0.887755
1.18946,1.28068
1.19069,0.804618
1.19135,0.83186
1.19165,0.872475
1.19531,0.779442
1.19912,0.857195
1.20081,0.797871
1.20152,0.872997
1.2062,0.788337
1.2073,0.841915
1.21627,0.826634
1.22301,0.762025
1.22366,0.769202
1.22386,0.772057
1.22617,0.811354
1.22989,0.917963
1.23458,0.903569
1.23714,0.796074
1.23961,0.889175
1.24224,0.924093
1.24416,0.755777
1.24503,0.874781
1.24938,0.780793
1.25088,0.860387
1.25604,0.744609
1.2572,0.845993
1.26187,1.11139
1.26311,0.765513
1.26376,0.777644
1.26406,0.8316
1.26773,0.739497
1.27154,0.817206
1.27323,0.750483
1.27394,0.809865
1.27862,0.750233
1.27971,0.802812
1.28868,0.788418
1.29543,0.723217
1.29608,0.727193
1.29628,0.734952
1.29858,0.774024
1.3023,0.876705
1.30699,0.863102
1.30956,0.75963
1.31203,0.8495
1.31466,0.848902
1.31657,0.719672
1.31745,0.835897
1.32179,0.745237
1.32329,0.822295
1.32845,0.706937
1.32961,0.808692
1.33428,0.989691
1.33552,0.730843
1.33617,0.731765
1.33647,0.79509
1.34014,0.704392
1.34395,0.781487
1.34564,0.709777
1.34635,0.757417
1.35103,0.716449
1.35212,0.767885
1.3611,0.754282
1.36784,0.689111
1.36849,0.690657
1.36869,0.702055
1.371,0.74068
1.37471,0.839618
1.37941,0.826726
1.38197,0.727077
1.38444,0.813834
1.38707,0.787871
1.38899,0.687661
1.38986,0.800942
1.39421,0.713475
1.3957,0.78805
1.40086,0.673831
1.40203,0.775158
1.4067,0.897459
1.40794,0.699872
1.40859,0.69236
1.40889,0.762266
1.41256,0.673267
1.41636,0.749375
1.41806,0.674377
1.41876,0.713046
1.42344,0.68627
1.42454,0.736483
1.43351,0.723591
1.44026,0.658874
1.4409,0.658551
1.44111,0.672667
1.44341,0.710699
1.44713,0.806089
1.45041,1.24168
1.45182,0.793838
1.45439,0.697807
1.45686,0.781588
1.45948,0.73719
1.4614,0.659065
1.46227,0.769338
1.46662,0.684915
1.46812,0.757087
1.47328,0.64448
1.47444,0.744837
1.47911,0.824807
1.48035,0.672023
1.481,0.658097
1.4813,0.732587
1.48497,0.645462
1.48878,0.720336
1.49047,0.64327
1.49118,0.674944
1.49586,0.659131
1.49695,0.708086
1.50593,0.695836
1.51267,0.63186
1.51332,0.630086
1.51352,0.646239
1.51583,0.683585
1.51954,0.77562
1.52283,1.07764
1.52423,0.763952
1.5268,0.671335
1.52927,0.752284
1.5319,0.694327
1.53382,0.633347
1.53469,0.740615
1.53904,0.659085
1.54053,0.728947
1.54569,0.618257
1.54685,0.717279
1.55153,0.765876
1.55276,0.646834
1.55342,0.62799
1.55372,0.705611
1.55738,0.620456
1.56119,0.693942
1.56288,0.615692
1.56359,0.641817
1.56827,0.634584
1.56936,0.682274
1.57834,0.670606
1.58508,0.607564
1.58573,0.604655
1.58593,0.622334
1.58824,0.658938
1.59195,0.747805
1.59524,0.959921
1.59665,0.736668
1.59921,0.647269
1.60168,0.72553
1.60431,0.657528
1.60623,0.610084
1.6071,0.714392
1.61145,0.635601
1.61294,0.703254
1.6181,0.594672
1.61927,0.692116
1.62394,0.716963
1.62518,0.623933
1.62583,0.601298
1.62613,0.680978
1.6298,0.597833
1.6336,0.66984
1.6353,0.591052
1.63601,0.61271
1.64069,0.612265
1.64178,0.658703
1.65075,0.647565
1.6575,0.585583
1.65815,0.58178
1.65835,0.600596
1.66065,0.636427
1.66437,0.722307
1.66765,0.870825
1.66906,0.711655
1.67163,0.625289
1.6741,0.701002
1.67672,0.625537
1.67864,0.588928
1.67951,0.69035
1.68386,0.614151
1.68536,0.679697
1.69052,0.573333
1.69168,0.669044
1.69635,0.675608
1.69759,0.603013
1.69824,0.57745
1.69854,0.658392
1.70221,0.57726
1.70602,0.647739
1.70771,0.568888
1.70842,0.586904
1.7131,0.591876
1.71419,0.637087
1.72317,0.626434
1.72991,0.565592
1.73056,0.561082
1.73076,0.580738
1.73307,0.615781
1.73678,0.698844
1.74007,0.800712
1.74148,0.688637
1.74404,0.605129
1.74651,0.67843
1.74914,0.597429
1.75106,0.5696
1.75193,0.668223
1.75628,0.594476
1.75777,0.658016
1.76293,0.553923
1.76409,0.647809
1.76877,0.640111
1.77,0.583824
1.77066,0.555996
1.77096,0.637602
1.77463,0.558462
1.77843,0.627395
1.78012,0.548832
1.78083,0.563847
1.78551,0.573171
1.78661,0.617188
1.79558,0.606981
1.80232,0.547324
1.80297,0.542255
1.80318,0.562518
1.80548,0.596774
1.8092,0.677178
1.81248,0.743882
1.81389,0.667382
1.81646,0.586567
1.81892,0.657585
1.82155,0.572511
1.82347,0.551866
1.82434,0.647789
1.82869,0.57636
1.83019,0.637993
1.83535,0.536186
1.83651,0.628196
1.84118,0.609256
1.84242,0.566153
1.84307,0.536582
1.84337,0.6184
1.84704,0.541213
1.85085,0.608603
1.85254,0.530587
1.85325,0.543104
1.85793,0.555946
1.85902,0.598807
1.86799,0.58901
1.87474,0.530561
1.87539,0.525048
1.87559,0.545739
1.87789,0.579214
1.88161,0.657109
1.8849,0.696736
1.8863,0.647692
1.88887,0.569418
1.89134,0.638275
1.89397,0.550245
1.89589,0.535532
1.89676,0.628858
1.9011,0.559621
1.9026,0.619441
1.90776,0.519908
1.90892,0.610024
1.91359,0.582149
1.91483,0.549825
1.91548,0.518919
1.91578,0.600607
1.91945,0.525325
1.92326,0.59119
1.92495,0.513911
1.92566,0.524331
1.92807,1.20268
1.93034,0.540028
1.93143,0.581773
1.94041,0.572356
1.94715,0.515118
1.9478,0.509256
1.948,0.530232
1.95031,0.562939
1.95402,0.638464
1.95731,0.65689
1.95872,0.629398
1.96128,0.553522
1.96375,0.620333
1.96638,0.530212
1.9683,0.520435
1.96917,0.611268
1.97352,0.544105
1.97501,0.602203
1.98017,0.504911
1.98134,0.593137
1.98601,0.558117
1.98725,0.534688
1.9879,0.502773
1.9882,0.584072
1.99187,0.510639
1.99567,0.575007
1.99737,0.498603
1.99808,0.50725
2.00048,1.04388
2.00275,0.525271
2.00385,0.565941
2.01282,0.556876
2.01957,0.500842
2.02021,0.494704
2.02042,0.515854
2.02272,0.547811
2.02644,0.621095
2.02972,0.622695
2.03113,0.612356
2.0337,0.538746
2.03617,0.603618
2.03879,0.512081
2.04071,0.506437
2.04158,0.594879
2.04593,0.52968
2.04743,0.586141
2.05259,0.491046
2.05375,0.577403
2.05842,0.536642
2.05966,0.520615
2.06031,0.48795
2.06061,0.568664
2.06428,0.49702
2.06809,0.559926
2.06978,0.484497
2.07049,0.491635
2.0729,0.93015
2.07517,0.51155
2.07626,0.551187
2.08524,0.542449
2.09198,0.487603
2.09263,0.48125
2.09283,0.502485
2.09514,0.533711
2.09885,0.604874
2.10214,0.592976
2.10354,0.59644
2.10611,0.524972
2.10858,0.588006
2.11121,0.495582
2.11313,0.493419
2.114,0.579572
2.11835,0.516234
2.11984,0.571138
2.125,0.478186
2.12616,0.562705
2.13084,0.51732
2.13207,0.507496
2.13273,0.47429
2.13303,0.554271
2.13669,0.484354
2.1405,0.545837
2.14219,0.471453
2.1429,0.477298
2.14531,0.84419
2.14758,0.498757
2.14868,0.537403
2.15765,0.528969
2.16439,0.475289
2.16504,0.468769
2.16524,0.490019
2.16755,0.520536
2.17126,0.58969
2.17455,0.566869
2.17596,0.58154
2.17852,0.512102
2.18099,0.573391
2.18362,0.480497
2.18554,0.48128
2.18641,0.565242
2.19076,0.503668
2.19225,0.557092
2.19741,0.466224
2.19858,0.548943
2.20325,0.499831
2.20449,0.495234
2.20514,0.461657
2.20544,0.540794
2.20911,0.472542
2.21292,0.532644
2.21461,0.459352
2.21532,0.464083
2.21773,0.776617
2.22,0.4868
2.22109,0.524495
2.23006,0.516345
2.23681,0.463804
2.23746,0.457158
2.23766,0.478367
2.23996,0.508196
2.24368,0.575446
2.24696,0.543723
2.24837,0.567562
2.25094,0.500047
2.25341,0.559679
2.25603,0.466645
2.25795,0.469933
2.25882,0.551796
2.26317,0.491897
2.26467,0.543913
2.26983,0.455065
2.27099,0.53603
2.27566,0.483914
2.2769,0.483748
2.27755,0.449935
2.27785,0.528147
2.28152,0.461499
2.28533,0.520264
2.28702,0.448093
2.28773,0.45186
2.29014,0.721887
2.29241,0.475599
2.2935,0.51238
2.30248,0.504497
2.30922,0.453065
2.30987,0.446327
2.31007,0.467449
2.31238,0.496614
2.31609,0.562056
2.31938,0.523039
2.32079,0.554422
2.32335,0.488731
2.32582,0.546789
2.32845,0.453876
2.33037,0.4593
2.33124,0.539155
2.33559,0.480848
2.33708,0.531522
2.34224,0.444631
2.3434,0.523889
2.34808,0.469359
2.34931,0.472965
2.34997,0.439028
2.35027,0.516255
2.35394,0.451151
2.35774,0.508622
2.35944,0.437589
2.36014,0.440518
2.36255,0.676509
2.36482,0.465082
2.36592,0.500988
2.37489,0.493355
2.38163,0.443001
2.38228,0.436198
2.38249,0.457199
2.38479,0.485721
2.38851,0.549445
2.39179,0.504429
2.3932,0.542046
2.39577,0.478088
2.39824,0.534648
2.40086,0.442064
2.40278,0.449315
2.40365,0.527249
2.408,0.470454
2.4095,0.51985
2.41466,0.434852
2.41582,0.512451
2.42049,0.455993
2.42173,0.462821
2.42238,0.42885
2.42268,0.505052
2.42635,0.441432
2.43016,0.497653
2.43185,0.427764
2.43256,0.429962
2.43497,0.638171
2.43724,0.455188
2.43833,0.490255
2.4473,0.482856
2.45405,0.433549
2.4547,0.426703
2.4549,0.447554
2.4572,0.475457
2.46092,0.537547
2.46421,0.48758
2.46561,0.530369
2.46818,0.468058
2.47065,0.523191
2.47328,0.431101
2.4752,0.439921
2.47607,0.516013
2.48042,0.460659
2.48191,0.508835
2.48707,0.425666
2.48823,0.501657
2.49291,0.443669
2.49414,0.45326
2.49479,0.41933
2.4951,0.494479
2.49876,0.432287
2.50257,0.487302
2.50426,0.418553
2.50497,0.420112
2.50738,0.605279
2.50965,0.445862
2.51074,0.480124
2.51972,0.472946
2.52646,0.424654
2.52711,0.417783
2.52731,0.438463
2.52962,0.465768
2.53333,0.526303
2.53662,0.472246
2.53803,0.519333
2.54059,0.45859
2.54306,0.512363
2.54569,0.420897
2.54761,0.431064
2.54848,0.505394
2.55283,0.451412
2.55432,0.498424
2.55948,0.41702
2.56065,0.491454
2.56532,0.432267
2.56656,0.444234
2.56721,0.410404
2.56751,0.484485
2.57118,0.423665
2.57498,0.477515
2.57668,0.4099
2.57739,0.410896
2.57979,0.576696
2.58207,0.437056
2.58316,0.470545
2.59213,0.463576
2.59888,0.416266
2.59953,0.409387
2.59973,0.429878
2.60203,0.456606
2.60903,0.458221
2.61301,0.449636
2.6181,0.411373
2.62002,0.4227
2.62524,0.442667
2.6319,0.408868
2.63773,0.421684
2.63897,0.435697
2.63962,0.402017
2.64359,0.415522
2.64909,0.401753
2.6498,0.402254
2.65221,0.551589
2.65448,0.428727
2.67129,0.408344
2.67194,0.401469
2.67214,0.421758
2.68145,0.44534
2.69052,0.402462
2.69244,0.414788
2.70431,0.401166
2.71015,0.411832
2.71204,0.39412
2.716,0.407818
2.7215,0.39407
2.72221,0.394133
2.72462,0.529329
2.7437,0.400849
2.74435,0.393988
2.75386,0.433462
2.76293,0.394105
2.77673,0.393879
2.78256,0.402635
2.78445,0.386671
2.79392,0.38681
2.79463,0.386486
2.79704,0.509437
2.81677,0.386909
2.82628,0.422471
2.83534,0.38625
2.85497,0.394029
2.85686,0.379632
2.86633,0.37994
2.86704,0.379272
2.86945,0.491537
2.89869,0.412267
2.90776,0.378853
2.92739,0.385956
2.92928,0.37297
2.93945,0.372454
2.94186,0.47533
2.9711,0.402767
2.98017,0.371873
2.9998,0.378367
3.01187,0.366
3.01428,0.460578
3.04352,0.393897
3.05259,0.365276
3.07222,0.37122
3.084,1.16368
3.08669,0.447084
3.11593,0.385595
3.125,0.359031
3.14463,0.364475
3.15641,1.01013
3.1591,0.434687
3.18834,0.377806
3.21704,0.358098
3.22883,0.900379
3.23152,0.423255
3.26076,0.370484
3.28946,0.352061
3.30124,0.817556
3.30393,0.412674
3.33317,0.363586
3.37366,0.752522
3.37635,0.40285
3.40559,0.357076
3.44607,0.699893
3.44876,0.393701
3.478,0.35092
3.51848,0.656282
3.52117,0.385158
3.55041,0.345091
3.5909,0.619452
3.59359,0.377161
3.66331,0.587863
3.666,0.369657
3.73572,0.560416
3.73842,0.362601
3.80814,0.536308
3.81083,0.355953
3.88055,0.514935
3.88324,0.349677
3.95297,0.495834
3.95566,0.343743
4.02538,0.478645
4.02807,0.338122
4.09779,0.46308
4.17021,0.448909
4.24262,0.435946
4.31503,0.424035
4.38745,0.413048
4.45986,0.402878
4.53228,0.393433
4.60469,0.384636
4.6771,0.37642
4.74952,0.368727
4.82193,0.361508
4.89434,0.354718
4.96676,0.348319
5.03917,0.342278
5.11159,0.336565
5.184,0.331152
9.9,1.12468
9.97241,0.976376
10.0448,0.870608
10.1172,0.790922
10.1897,0.728427
10.2621,0.677898
10.3345,0.636055
10.4069,0.600733
10.4793,0.570446
10.5517,0.544136
10.6241,0.521028
10.6966,0.500541
10.769,0.482232
10.8414,0.465753
10.9138,0.450829
10.9862,0.437241
11.0586,0.424808
11.131,0.413382
11.2034,0.402841
11.2759,0.393082
11.3483,0.384016
11.4207,0.375571
11.4931,0.367682
11.5655,0.360293
11.6379,0.353358
11.7103,0.346835
11.7828,0.340686
11.8552,0.334879
11.9276,0.329387
12,0.324182
