cov_r,MTTResolve,E_denial,E_dataloss,E_breach
1,3.94397,0.389409,0.382307,0.565673
0.98,3.98364,0.397356,0.390109,0.577217
0.96,4.02497,0.405634,0.398236,0.589243
0.94,4.06805,0.414265,0.406709,0.60178
0.92,4.11301,0.423271,0.415551,0.614862
0.9,4.15997,0.432677,0.424785,0.628526
0.88,4.20906,0.44251,0.434439,0.64281
0.86,4.26043,0.452801,0.444542,0.657759
0.84,4.31425,0.463582,0.455127,0.67342
0.82,4.3707,0.474889,0.466227,0.689845
0.8,4.42996,0.486761,0.477883,0.707091
0.78,4.49227,0.499242,0.490137,0.725222
0.76,4.55786,0.51238,0.503035,0.744307
0.74,4.62699,0.526229,0.51663,0.764423
0.72,4.69996,0.540846,0.530981,0.785657
0.7,4.7771,0.556299,0.546152,0.808104
0.68,4.85878,0.57266,0.562215,0.831872
0.66,4.94541,0.590014,0.579252,0.85708
0.64,5.03745,0.608452,0.597354,0.883864
0.62,5.13544,0.628079,0.616623,0.912376
0.6,5.23995,0.649015,0.637178,0.942788
